Date,Open,High,Low,Close,Volume
2020-01-01,100.5,100.83,100.42,100.5,906242
2020-01-02,100.5,101.55,99.97,100.36,685676
2020-01-03,100.36,101.02,100.05,101.01,122031
2020-01-06,101.01,102.89,100.84,102.53,243521
2020-01-07,102.53,102.86,101.83,102.3,861019
2020-01-08,102.3,102.52,101.68,102.06,556887
2020-01-09,102.06,104.14,101.68,103.64,885858
2020-01-10,103.64,104.82,103.54,104.41,987516
2020-01-13,104.41,104.98,103.8,103.94,754224
2020-01-14,103.94,104.52,103.93,104.48,222258
2020-01-15,104.48,105.16,103.36,104.02,606581
2020-01-16,104.02,104.32,103.13,103.55,662621
2020-01-17,103.55,104.44,103.46,103.79,649523
2020-01-20,103.79,104.35,101.49,101.88,467003
2020-01-21,101.88,102.26,99.64,100.16,852462
2020-01-22,100.16,100.69,98.21,99.59,330604
2020-01-23,99.59,99.71,98.37,98.58,436907
2020-01-24,98.58,99.81,98.57,98.89,268785
2020-01-27,98.89,99.17,97.58,97.99,369160
2020-01-28,97.99,98.4,96.01,96.57,678526
2020-01-29,96.57,98.32,96.27,98.04,937393
2020-01-30,98.04,98.52,97.3,97.81,914422
2020-01-31,97.81,98.36,96.6,97.88,266277
2020-02-03,97.88,98.29,96.02,96.46,564028
2020-02-04,96.46,96.55,95.39,95.91,499009
2020-02-05,95.91,96.54,95.58,96.02,213550
2020-02-06,96.02,96.08,94.55,94.87,599909
2020-02-07,94.87,95.44,94.82,95.25,865348
2020-02-10,95.25,95.62,94.59,94.65,144760
2020-02-11,94.65,94.91,93.95,94.36,639660
2020-02-12,94.36,94.65,93.34,93.75,985258
2020-02-13,93.75,95.65,93.66,95.61,961789
2020-02-14,95.61,95.7,94.72,95.59,367986
2020-02-17,95.59,95.81,94.47,94.53,903940
2020-02-18,94.53,96.57,94.52,95.36,518815
2020-02-19,95.36,96.08,92.99,94.14,711985
2020-02-20,94.14,94.98,93.82,94.35,940552
2020-02-21,94.35,94.96,92.23,92.39,126654
2020-02-24,92.39,92.8,90.35,91.06,676677
2020-02-25,91.06,91.77,91.02,91.25,806528
2020-02-26,91.25,92.32,90.88,91.99,314764
2020-02-27,91.99,92.54,91.78,92.16,222118
2020-02-28,92.16,92.35,91.75,92.05,345739
2020-03-02,92.05,92.12,91.58,91.75,686549
2020-03-03,91.75,91.84,90.19,90.27,340891
2020-03-04,90.27,90.33,89.39,89.55,388816
2020-03-05,89.55,89.57,88.59,89.09,162507
2020-03-06,89.09,90.29,88.77,90.15,914604
2020-03-09,90.15,91.25,89.58,90.49,274037
2020-03-10,90.49,90.58,88.69,88.73,837954
2020-03-11,88.73,90.33,88.63,89.05,855728
2020-03-12,89.05,89.18,88.44,88.67,112828
2020-03-13,88.67,88.93,87.97,87.99,901625
2020-03-16,87.99,89.19,87.43,88.6,381755
2020-03-17,88.6,90.06,88.24,89.63,832763
2020-03-18,89.63,90.68,89.53,90.56,967461
2020-03-19,90.56,91.51,89.36,89.72,129336
2020-03-20,89.72,89.77,88.64,89.41,938387
2020-03-23,89.41,90.22,88.45,89.75,811028
2020-03-24,89.75,90.8,89.72,90.72,688398
2020-03-25,90.72,90.98,89.27,90.24,844199
2020-03-26,90.24,90.58,89.72,90.06,373452
2020-03-27,90.06,90.86,88.54,88.95,190306
2020-03-30,88.95,89.11,87.68,87.75,187265
2020-03-31,87.75,89.4,87.7,88.57,860278
2020-04-01,88.57,90.35,87.68,89.92,518184
2020-04-02,89.92,90.02,89.05,89.85,436851
2020-04-03,89.85,91.12,89.82,90.85,811195
2020-04-06,90.85,91.55,90.54,91.22,277241
2020-04-07,91.22,91.4,90.41,90.57,526009
2020-04-08,90.57,91.16,90.14,90.93,590834
2020-04-09,90.93,92.63,90.75,92.47,834275
2020-04-10,92.47,93.26,91.93,92.43,698506
2020-04-13,92.43,94.62,91.98,94.0,118990
2020-04-14,94.0,94.08,91.19,91.38,766393
2020-04-15,91.38,92.62,90.33,92.2,593216
2020-04-16,92.2,92.31,91.91,92.29,933550
2020-04-17,92.29,92.52,91.91,91.99,752845
2020-04-20,91.99,92.18,91.81,92.08,446709
2020-04-21,92.08,92.22,89.31,90.09,667597
2020-04-22,90.09,90.37,89.83,89.87,924837
2020-04-23,89.87,90.94,89.74,90.23,848778
2020-04-24,90.23,92.13,90.03,91.71,565226
2020-04-27,91.71,91.93,91.0,91.19,245051
2020-04-28,91.19,91.57,90.23,90.38,375011
2020-04-29,90.38,91.18,89.65,89.88,950193
2020-04-30,89.88,91.15,89.8,90.8,223765
2020-05-01,90.8,91.39,90.42,91.12,360220
2020-05-04,91.12,91.34,90.58,90.59,316204
2020-05-05,90.59,91.31,90.33,91.11,896643
2020-05-06,91.11,91.56,90.46,91.2,514758
2020-05-07,91.2,92.45,91.0,92.17,258763
2020-05-08,92.17,92.48,91.37,91.47,792137
2020-05-11,91.47,91.72,90.91,91.14,251094
2020-05-12,91.14,91.38,90.62,90.75,967482
2020-05-13,90.75,90.76,89.04,89.29,445740
2020-05-14,89.29,89.59,88.98,89.58,207096
2020-05-15,89.58,90.17,88.92,89.84,633459
2020-05-18,89.84,89.89,89.51,89.85,775673
2020-05-19,89.85,90.45,89.32,89.62,206611
2020-05-20,89.62,90.24,87.24,88.2,428785
2020-05-21,88.2,88.81,87.41,87.78,901849
2020-05-22,87.78,88.18,87.06,87.44,191328
2020-05-25,87.44,87.54,86.54,86.63,134540
2020-05-26,86.63,86.82,85.74,86.47,811935
2020-05-27,86.47,87.87,85.69,86.88,515842
2020-05-28,86.88,89.23,86.64,88.76,166668
2020-05-29,88.76,89.33,88.62,88.94,819174
2020-06-01,88.94,89.35,88.39,89.2,825453
2020-06-02,89.2,89.26,88.37,89.12,410001
2020-06-03,89.12,89.33,86.54,87.2,532680
2020-06-04,87.2,87.58,86.36,87.18,507085
2020-06-05,87.18,88.54,87.08,87.24,476087
2020-06-08,87.24,90.15,86.86,89.7,372919
2020-06-09,89.7,90.18,89.3,89.51,747096
2020-06-10,89.51,90.11,89.48,89.81,870326
2020-06-11,89.81,89.89,89.44,89.77,399188
2020-06-12,89.77,90.12,87.33,88.6,920580
2020-06-15,88.6,90.18,88.28,89.75,998662
2020-06-16,89.75,91.04,89.2,90.5,924834
2020-06-17,90.5,91.59,90.02,91.29,251538
2020-06-18,91.29,91.9,89.97,90.38,257636
2020-06-19,90.38,92.08,89.68,91.78,292029
2020-06-22,91.78,92.38,89.89,90.38,654394
2020-06-23,90.38,91.28,90.19,90.97,317583
2020-06-24,90.97,93.89,90.11,93.16,639376
2020-06-25,93.16,93.8,91.27,92.17,819785
2020-06-26,92.17,92.58,91.34,91.6,590238
2020-06-29,91.6,92.58,91.54,91.7,169087
2020-06-30,91.7,92.5,90.8,91.2,395064
2020-07-01,91.2,91.28,89.12,89.65,884192
2020-07-02,89.65,90.14,89.38,89.72,133872
2020-07-03,89.72,90.26,88.16,88.65,298522
2020-07-06,88.65,89.27,88.54,89.13,637977
2020-07-07,89.13,89.46,88.0,88.21,726256
2020-07-08,88.21,89.94,87.98,89.76,560115
2020-07-09,89.76,90.29,88.51,88.98,362318
2020-07-10,88.98,89.79,87.58,88.65,729698
2020-07-13,88.65,90.11,86.96,89.47,229887
2020-07-14,89.47,89.82,87.51,88.24,301554
2020-07-15,88.24,88.66,88.09,88.46,890605
2020-07-16,88.46,90.53,88.28,89.77,259034
2020-07-17,89.77,90.71,88.16,88.16,576128
2020-07-20,88.16,89.26,88.14,88.35,493605
2020-07-21,88.35,88.82,88.2,88.61,942840
2020-07-22,88.61,89.63,88.18,89.39,127798
2020-07-23,89.39,89.87,87.87,88.15,317400
2020-07-24,88.15,88.48,86.45,86.83,607831
2020-07-27,86.83,87.37,86.78,87.35,940179
2020-07-28,87.35,87.84,87.28,87.65,231184
2020-07-29,87.65,87.93,87.53,87.9,192036
2020-07-30,87.9,88.87,87.14,88.25,381696
2020-07-31,88.25,88.75,87.48,87.57,254692
2020-08-03,87.57,88.07,86.71,87.8,706226
2020-08-04,87.8,88.35,87.69,88.09,439933
2020-08-05,88.09,88.36,87.3,87.38,670508
2020-08-06,87.38,89.6,86.95,89.24,175277
2020-08-07,89.24,90.05,88.91,89.72,222332
2020-08-10,89.72,89.87,88.26,88.53,942065
2020-08-11,88.53,89.2,88.39,89.18,329577
2020-08-12,89.18,89.3,87.75,88.21,495204
2020-08-13,88.21,89.17,87.57,89.0,507472
2020-08-14,89.0,90.71,88.17,90.15,598682
2020-08-17,90.15,90.35,88.11,89.33,835010
2020-08-18,89.33,90.76,88.83,90.3,176361
2020-08-19,90.3,91.12,90.08,90.71,722006
2020-08-20,90.71,91.57,90.62,91.53,211541
2020-08-21,91.53,93.63,90.6,93.43,332930
2020-08-24,93.43,94.08,92.77,93.18,868917
2020-08-25,93.18,93.78,91.92,92.43,719055
2020-08-26,92.43,92.82,90.28,91.54,154330
2020-08-27,91.54,92.05,90.59,90.72,961248
2020-08-28,90.72,90.79,90.14,90.65,948692
2020-08-31,90.65,91.1,90.51,90.99,888245
2020-09-01,90.99,91.99,90.27,91.27,941708
2020-09-02,91.27,92.21,91.24,92.09,797411
2020-09-03,92.09,92.14,91.73,92.11,952050
2020-09-04,92.11,93.61,91.86,93.56,967564
2020-09-07,93.56,94.27,92.95,93.29,393125
2020-09-08,93.29,96.03,93.21,96.01,513090
2020-09-09,96.01,96.82,95.87,96.64,588067
2020-09-10,96.64,97.48,95.54,95.78,190009
2020-09-11,95.78,96.77,94.44,94.71,890449
2020-09-14,94.71,95.45,94.58,95.19,321552
2020-09-15,95.19,95.68,94.03,94.97,153053
2020-09-16,94.97,96.49,94.47,95.69,505841
2020-09-17,95.69,96.9,95.12,96.16,953329
2020-09-18,96.16,96.41,95.85,96.09,500826
2020-09-21,96.09,96.54,94.89,95.24,462441
2020-09-22,95.24,96.08,93.68,93.72,575738
2020-09-23,93.72,94.11,93.26,93.28,182409
2020-09-24,93.28,94.82,93.11,94.13,779530
2020-09-25,94.13,95.21,93.99,94.35,274875
2020-09-28,94.35,94.85,92.98,93.1,163610
2020-09-29,93.1,93.58,92.24,93.28,798787
2020-09-30,93.28,94.24,93.22,93.66,322542
2020-10-01,93.66,93.9,91.89,92.78,893784
2020-10-02,92.78,93.13,92.12,92.93,796454
2020-10-05,92.93,93.0,92.59,92.99,566755
2020-10-06,92.99,93.33,91.39,91.85,397986
2020-10-07,91.85,93.08,91.34,92.2,953605
2020-10-08,92.2,92.9,92.06,92.76,870692
2020-10-09,92.76,94.28,92.29,93.85,409550
2020-10-12,93.85,95.25,93.68,94.9,636644
2020-10-13,94.9,95.84,92.53,93.52,944052
2020-10-14,93.52,93.66,92.51,92.59,431607
2020-10-15,92.59,93.43,92.08,93.1,865791
2020-10-16,93.1,93.9,92.48,93.61,181257
2020-10-19,93.61,94.58,93.23,94.13,123408
2020-10-20,94.13,98.1,93.7,97.98,737938
2020-10-21,97.98,98.79,97.47,98.55,593992
2020-10-22,98.55,99.9,98.13,99.69,176240
2020-10-23,99.69,100.9,98.65,100.64,999485
2020-10-26,100.64,102.32,100.08,101.29,998332
2020-10-27,101.29,102.46,100.45,100.98,123199
2020-10-28,100.98,102.26,100.61,101.74,613942
2020-10-29,101.74,102.54,100.73,100.97,870644
2020-10-30,100.97,101.45,100.27,100.73,275121
2020-11-02,100.73,100.92,99.32,100.24,164925
2020-11-03,100.24,100.47,100.03,100.32,199977
2020-11-04,100.32,103.2,99.41,102.64,129345
2020-11-05,102.64,103.85,100.56,100.77,886086
2020-11-06,100.77,101.53,100.48,101.46,411442
2020-11-09,101.46,102.06,99.45,99.85,679223
2020-11-10,99.85,100.36,98.33,99.37,115534
2020-11-11,99.37,100.73,99.19,100.46,200546
2020-11-12,100.46,101.07,99.94,100.53,370784
2020-11-13,100.53,100.84,98.92,99.45,333612
2020-11-16,99.45,99.61,98.27,98.73,243279
2020-11-17,98.73,99.48,98.58,99.41,522132
2020-11-18,99.41,99.58,98.29,98.68,184607
2020-11-19,98.68,98.9,98.48,98.9,220076
2020-11-20,98.9,99.37,98.78,98.95,261081
2020-11-23,98.95,100.29,98.16,98.29,347536
2020-11-24,98.29,100.95,98.13,100.44,747418
2020-11-25,100.44,102.38,99.88,101.07,136468
2020-11-26,101.07,101.43,98.58,99.05,595413
2020-11-27,99.05,99.37,98.17,99.23,873952
2020-11-30,99.23,99.76,98.52,98.57,389192
2020-12-01,98.57,100.47,98.48,99.42,333192
2020-12-02,99.42,99.95,97.07,98.63,280882
2020-12-03,98.63,99.03,98.48,98.52,661693
2020-12-04,98.52,99.47,98.18,99.02,757941
2020-12-07,99.02,100.56,98.98,99.89,794119
2020-12-08,99.89,100.19,98.58,98.69,892908
2020-12-09,98.69,98.83,97.68,98.35,581215
2020-12-10,98.35,98.73,97.83,97.88,145095
2020-12-11,97.88,97.97,96.92,97.22,646298
2020-12-14,97.22,99.22,97.16,98.99,492670
2020-12-15,98.99,99.72,98.42,99.39,540880
2020-12-16,99.39,100.12,97.44,98.13,773249
2020-12-17,98.13,99.19,97.38,99.05,345144
2020-12-18,99.05,102.0,98.14,101.17,876505
2020-12-21,101.17,102.56,100.78,102.21,201158
2020-12-22,102.21,102.77,100.3,100.69,163972
2020-12-23,100.69,101.02,99.74,100.2,725210
2020-12-24,100.2,101.69,99.96,101.47,223099
2020-12-25,101.47,102.02,100.59,100.76,848943
2020-12-28,100.76,101.48,100.04,101.21,443615
2020-12-29,101.21,102.24,101.0,101.98,712084
2020-12-30,101.98,102.5,100.85,101.05,290121
2020-12-31,101.05,101.87,100.67,100.99,554151
2021-01-01,100.99,101.62,97.58,97.75,795532
2021-01-04,97.75,97.94,96.03,96.73,631147
2021-01-05,96.73,97.2,96.05,96.48,383983
2021-01-06,96.48,96.59,94.99,95.23,149522
2021-01-07,95.23,97.12,94.71,96.86,524671
2021-01-08,96.86,97.64,94.35,95.43,307352
2021-01-11,95.43,95.48,94.96,94.99,717693
2021-01-12,94.99,95.2,94.22,95.12,137019
2021-01-13,95.12,97.44,94.97,96.56,821818
2021-01-14,96.56,97.32,94.82,95.13,545414
2021-01-15,95.13,96.6,94.86,96.29,517247
2021-01-18,96.29,96.65,96.0,96.3,125939
2021-01-19,96.3,96.67,94.91,95.32,915495
2021-01-20,95.32,95.95,94.54,95.78,791319
2021-01-21,95.78,96.17,95.54,95.98,228216
2021-01-22,95.98,96.31,95.23,95.38,374535
2021-01-25,95.38,95.78,95.24,95.45,967591
2021-01-26,95.45,95.68,94.3,95.06,603551
2021-01-27,95.06,95.48,94.54,95.18,543842
2021-01-28,95.18,95.89,94.92,95.84,949776
2021-01-29,95.84,97.57,95.29,97.42,214589
2021-02-01,97.42,97.97,95.53,96.19,463298
2021-02-02,96.19,98.44,95.94,98.32,607235
2021-02-03,98.32,98.86,95.36,96.37,539503
2021-02-04,96.37,97.24,95.45,96.22,700600
2021-02-05,96.22,96.9,95.91,96.8,501426
2021-02-08,96.8,97.97,96.56,97.09,401994
2021-02-09,97.09,97.91,95.53,96.46,111094
2021-02-10,96.46,96.65,95.2,96.25,301604
2021-02-11,96.25,96.81,95.49,95.76,152691
2021-02-12,95.76,95.76,94.81,95.17,849450
2021-02-15,95.17,96.24,94.64,96.02,598357
2021-02-16,96.02,96.66,95.94,96.38,618420
2021-02-17,96.38,96.64,95.61,95.69,591006
2021-02-18,95.69,97.39,95.51,96.59,958950
2021-02-19,96.59,97.5,96.4,96.89,362091
2021-02-22,96.89,97.75,96.63,97.71,229744
2021-02-23,97.71,98.5,97.53,98.34,537651
2021-02-24,98.34,98.43,96.87,97.51,265159
2021-02-25,97.51,98.0,95.42,96.95,236285
2021-02-26,96.95,97.8,96.46,97.69,322128
2021-03-01,97.69,98.5,97.59,98.3,885945
2021-03-02,98.3,98.51,98.16,98.28,480714
2021-03-03,98.28,98.8,98.21,98.4,776479
2021-03-04,98.4,100.37,98.08,99.68,125517
2021-03-05,99.68,100.24,98.78,99.09,975564
2021-03-08,99.09,100.24,98.83,99.63,365471
2021-03-09,99.63,99.78,99.39,99.43,811943
2021-03-10,99.43,99.61,98.78,99.21,490452
2021-03-11,99.21,100.42,98.84,100.31,969446
2021-03-12,100.31,101.47,99.96,101.14,585651
2021-03-15,101.14,102.01,100.75,101.95,512755
2021-03-16,101.95,103.29,101.71,103.26,306903
2021-03-17,103.26,103.48,103.01,103.28,387623
2021-03-18,103.28,104.18,102.73,103.96,877635
2021-03-19,103.96,104.19,103.56,103.65,347908
2021-03-22,103.65,104.4,102.9,103.97,897124
2021-03-23,103.97,104.73,103.79,103.84,774943
2021-03-24,103.84,104.12,103.34,103.94,971535
2021-03-25,103.94,104.59,103.89,104.54,512736
2021-03-26,104.54,105.48,103.52,103.72,596440
2021-03-29,103.72,106.31,103.23,105.81,272257
2021-03-30,105.81,106.68,104.64,104.8,395599
2021-03-31,104.8,104.91,103.58,103.59,697904
2021-04-01,103.59,104.95,103.19,104.75,877022
2021-04-02,104.75,105.63,104.23,105.54,201407
2021-04-05,105.54,106.3,105.12,106.16,521594
2021-04-06,106.16,108.06,105.17,106.79,311144
2021-04-07,106.79,108.45,106.05,106.78,510834
2021-04-08,106.78,107.18,105.72,105.88,775887
2021-04-09,105.88,106.81,105.42,105.96,669027
2021-04-12,105.96,106.18,103.97,105.28,658988
2021-04-13,105.28,107.12,105.24,106.26,966491
2021-04-14,106.26,107.37,106.03,106.11,488227
2021-04-15,106.11,106.55,104.8,105.28,365406
2021-04-16,105.28,105.93,104.82,104.96,437629
2021-04-19,104.96,105.39,104.38,105.38,369045
2021-04-20,105.38,105.65,104.39,104.81,623260
2021-04-21,104.81,105.59,102.97,103.99,425437
2021-04-22,103.99,104.41,103.49,104.23,636162
2021-04-23,104.23,105.1,103.79,104.48,220062
2021-04-26,104.48,105.72,102.84,103.97,383006
2021-04-27,103.97,104.12,103.31,103.5,665523
2021-04-28,103.5,104.39,103.2,103.73,407680
2021-04-29,103.73,104.42,102.16,102.28,116279
2021-04-30,102.28,102.7,100.86,100.88,186124
2021-05-03,100.88,100.95,99.87,100.16,985050
2021-05-04,100.16,100.3,99.85,99.94,321094
2021-05-05,99.94,100.69,99.19,100.26,831893
2021-05-06,100.26,102.7,99.55,101.73,297478
2021-05-07,101.73,102.68,101.43,102.59,589709
2021-05-10,102.59,102.78,102.24,102.43,917108
2021-05-11,102.43,103.04,102.08,102.41,575278
2021-05-12,102.41,102.42,100.96,101.41,335998
2021-05-13,101.41,101.56,100.93,101.39,746045
2021-05-14,101.39,102.43,100.24,101.1,396629
2021-05-17,101.1,101.81,100.75,101.42,398783
2021-05-18,101.42,101.55,100.15,100.6,288487
2021-05-19,100.6,101.23,100.35,101.11,851722
2021-05-20,101.11,102.87,100.49,102.65,259882
2021-05-21,102.65,103.6,102.11,102.54,478336
2021-05-24,102.54,103.32,101.98,102.94,562676
2021-05-25,102.94,104.35,102.41,103.63,780428
2021-05-26,103.63,103.68,102.58,103.23,519048
2021-05-27,103.23,103.76,102.41,103.45,254455
2021-05-28,103.45,103.72,103.36,103.47,596283
2021-05-31,103.47,104.41,102.93,103.56,835415
2021-06-01,103.56,104.0,102.56,102.79,701206
2021-06-02,102.79,102.9,101.52,102.82,406901
2021-06-03,102.82,103.79,102.32,103.31,326572
2021-06-04,103.31,105.2,102.58,104.76,609421
2021-06-07,104.76,106.06,104.32,105.72,810381
2021-06-08,105.72,107.93,105.32,107.88,367136
2021-06-09,107.88,108.04,107.1,107.11,235639
2021-06-10,107.11,108.3,107.01,107.98,275595
2021-06-11,107.98,108.41,107.66,108.16,837463
2021-06-14,108.16,110.9,108.02,110.35,352557
2021-06-15,110.35,110.78,109.49,109.55,892130
2021-06-16,109.55,109.64,107.89,108.71,307849
2021-06-17,108.71,108.84,107.74,108.11,492551
2021-06-18,108.11,108.54,105.9,105.98,207524
2021-06-21,105.98,106.08,104.72,105.46,931156
2021-06-22,105.46,105.88,104.21,104.7,853622
2021-06-23,104.7,104.98,104.4,104.85,692054
2021-06-24,104.85,105.26,104.38,105.19,366909
2021-06-25,105.19,107.14,104.88,107.07,522739
2021-06-28,107.07,108.13,106.21,108.02,544709
2021-06-29,108.02,108.18,107.38,107.44,643597
2021-06-30,107.44,108.12,105.55,106.54,524724
2021-07-01,106.54,107.94,105.86,107.03,749285
2021-07-02,107.03,107.17,105.36,105.71,486350
2021-07-05,105.71,107.57,105.59,107.55,702772
2021-07-06,107.55,108.86,106.91,108.72,306486
2021-07-07,108.72,109.1,107.43,108.26,241449
2021-07-08,108.26,108.49,106.29,106.54,986788
2021-07-09,106.54,108.26,106.42,107.9,604677
2021-07-12,107.9,108.65,107.48,107.78,102866
2021-07-13,107.78,109.23,106.74,109.02,366150
2021-07-14,109.02,109.15,106.8,107.43,457820
2021-07-15,107.43,107.65,106.06,106.83,588029
2021-07-16,106.83,107.78,106.4,106.83,342934
2021-07-19,106.83,107.63,106.77,106.88,847108
2021-07-20,106.88,107.59,106.1,106.43,279689
2021-07-21,106.43,107.59,106.19,107.05,699248
2021-07-22,107.05,107.29,105.77,105.98,220592
2021-07-23,105.98,106.52,105.52,105.84,608069
2021-07-26,105.84,106.72,104.42,105.96,479653
2021-07-27,105.96,107.12,105.83,106.48,935655
2021-07-28,106.48,107.43,106.24,107.19,484794
2021-07-29,107.19,107.54,105.61,106.06,723607
2021-07-30,106.06,106.16,104.3,104.53,435064
2021-08-02,104.53,106.13,104.45,105.81,248441
2021-08-03,105.81,106.71,105.65,106.14,785503
2021-08-04,106.14,106.91,104.84,105.39,629656
2021-08-05,105.39,107.11,105.3,106.94,901151
2021-08-06,106.94,107.09,106.14,107.06,678110
2021-08-09,107.06,108.33,106.81,108.24,713712
2021-08-10,108.24,108.92,107.9,108.3,961858
2021-08-11,108.3,110.94,108.14,110.36,409143
2021-08-12,110.36,112.9,109.67,112.12,999434
2021-08-13,112.12,112.15,111.61,111.87,222019
2021-08-16,111.87,113.71,111.44,112.84,962605
2021-08-17,112.84,113.94,112.49,113.49,802461
2021-08-18,113.49,115.04,113.31,114.86,760187
2021-08-19,114.86,114.91,113.13,113.89,760673
2021-08-20,113.89,115.33,113.73,114.58,824750
2021-08-23,114.58,115.81,114.45,115.64,158219
2021-08-24,115.64,115.75,113.53,113.88,881624
2021-08-25,113.88,114.13,112.56,112.69,652165
2021-08-26,112.69,113.69,110.48,110.65,247878
2021-08-27,110.65,111.04,110.11,110.39,941900
2021-08-30,110.39,111.23,110.2,111.1,927679
2021-08-31,111.1,113.39,110.9,112.6,564761
2021-09-01,112.6,113.65,112.53,112.68,289651
2021-09-02,112.68,114.48,112.55,114.31,440414
2021-09-03,114.31,115.06,112.58,112.93,542244
2021-09-06,112.93,113.06,111.07,111.22,717762
2021-09-07,111.22,111.29,110.88,111.17,507407
2021-09-08,111.17,111.97,110.08,111.55,787081
2021-09-09,111.55,111.59,111.35,111.52,452854
2021-09-10,111.52,112.69,108.77,109.45,311194
2021-09-13,109.45,110.1,109.08,109.36,475854
2021-09-14,109.36,109.79,108.06,108.06,819128
2021-09-15,108.06,108.89,107.89,108.73,856079
2021-09-16,108.73,109.79,108.59,109.1,578697
2021-09-17,109.1,109.19,107.78,108.16,735254
2021-09-20,108.16,108.39,107.17,107.64,732585
2021-09-21,107.64,107.83,106.33,106.58,105695
2021-09-22,106.58,106.66,106.51,106.52,292994
2021-09-23,106.52,107.51,106.31,107.47,409509
2021-09-24,107.47,107.82,105.97,106.49,403342
2021-09-27,106.49,107.04,106.24,106.99,327203
2021-09-28,106.99,107.01,106.24,106.46,498138
2021-09-29,106.46,107.68,105.02,105.67,918438
2021-09-30,105.67,105.69,105.01,105.56,579806
2021-10-01,105.56,105.61,104.23,104.53,478621
2021-10-04,104.53,104.76,103.69,103.97,837744
2021-10-05,103.97,104.29,102.5,102.78,411385
2021-10-06,102.78,104.8,102.33,104.74,323068
2021-10-07,104.74,105.5,104.31,104.78,980278
2021-10-08,104.78,105.11,103.69,104.08,204428
2021-10-11,104.08,104.47,103.82,104.29,841570
2021-10-12,104.29,105.26,104.1,104.18,220243
2021-10-13,104.18,104.3,103.36,103.96,153311
2021-10-14,103.96,104.83,103.83,104.57,321468
2021-10-15,104.57,105.56,104.22,105.33,103969
2021-10-18,105.33,106.18,104.37,104.8,270948
2021-10-19,104.8,104.96,103.62,104.22,658866
2021-10-20,104.22,104.7,103.64,103.95,731613
2021-10-21,103.95,104.58,101.1,101.65,276968
2021-10-22,101.65,101.88,99.42,100.13,327909
2021-10-25,100.13,101.64,99.95,101.5,838591
2021-10-26,101.5,103.33,100.91,103.14,387635
2021-10-27,103.14,103.38,101.85,102.89,650841
2021-10-28,102.89,103.5,102.66,103.47,700198
2021-10-29,103.47,104.4,103.12,103.78,110068
2021-11-01,103.78,107.06,103.42,106.86,752468
2021-11-02,106.86,108.16,106.11,107.98,756521
2021-11-03,107.98,108.9,107.46,107.85,198064
2021-11-04,107.85,108.96,106.89,106.9,507974
2021-11-05,106.9,106.99,105.08,105.29,233248
2021-11-08,105.29,105.77,104.07,105.49,813611
2021-11-09,105.49,105.82,104.37,104.74,515105
2021-11-10,104.74,104.88,102.07,103.31,734151
2021-11-11,103.31,103.66,102.64,102.67,482688
2021-11-12,102.67,103.35,101.24,101.59,993481
2021-11-15,101.59,103.65,100.96,103.27,854924
2021-11-16,103.27,104.69,103.11,104.15,421898
2021-11-17,104.15,104.34,103.53,104.15,891975
2021-11-18,104.15,106.22,103.91,105.63,186803
2021-11-19,105.63,106.47,105.58,105.7,312603
2021-11-22,105.7,105.73,103.95,104.84,576545
2021-11-23,104.84,106.48,104.8,106.37,631740
2021-11-24,106.37,107.1,105.73,106.91,656371
2021-11-25,106.91,106.91,104.43,105.87,349737
2021-11-26,105.87,106.48,105.59,105.68,290167
2021-11-29,105.68,105.99,104.68,104.8,514027
2021-11-30,104.8,104.87,103.35,103.42,703555
2021-12-01,103.42,104.79,103.07,104.35,231004
2021-12-02,104.35,106.31,104.27,106.25,493120
2021-12-03,106.25,106.44,104.31,104.86,704453
2021-12-06,104.86,105.86,104.5,105.42,700724
2021-12-07,105.42,106.03,103.9,104.77,659070
2021-12-08,104.77,104.81,104.17,104.28,605168
2021-12-09,104.28,104.61,102.72,103.69,965990
2021-12-10,103.69,103.79,102.7,102.82,881712
2021-12-13,102.82,103.25,102.68,102.87,837651
2021-12-14,102.87,103.55,101.58,102.04,954221
2021-12-15,102.04,102.77,101.36,102.31,472818
2021-12-16,102.31,102.98,102.15,102.26,140542
2021-12-17,102.26,102.97,101.23,102.02,333979
2021-12-20,102.02,102.29,100.44,101.12,387360
2021-12-21,101.12,101.43,100.4,100.54,697578
2021-12-22,100.54,101.69,100.45,101.29,692399
2021-12-23,101.29,102.08,100.79,101.8,443150
2021-12-24,101.8,101.86,99.81,100.82,879091
2021-12-27,100.82,101.49,100.25,100.92,758354
2021-12-28,100.92,102.34,100.53,101.67,586084
2021-12-29,101.67,102.53,99.65,100.0,838924
2021-12-30,100.0,100.93,99.69,100.54,771986
2021-12-31,100.54,101.42,99.88,99.88,237900
2022-01-03,99.88,100.79,99.33,100.45,808024
2022-01-04,100.45,100.68,98.82,99.69,798292
2022-01-05,99.69,100.01,97.53,97.88,972391
2022-01-06,97.88,97.91,95.76,96.26,591818
2022-01-07,96.26,96.76,95.88,96.3,294999
2022-01-10,96.3,97.15,95.16,96.56,521837
2022-01-11,96.56,96.6,95.58,95.66,836778
2022-01-12,95.66,96.3,95.36,96.3,535647
2022-01-13,96.3,97.08,93.83,94.64,605200
2022-01-14,94.64,95.05,94.45,94.57,572295
2022-01-17,94.57,95.12,93.29,93.36,446030
2022-01-18,93.36,94.06,92.04,92.71,603100
2022-01-19,92.71,93.1,92.13,92.75,832722
2022-01-20,92.75,92.94,91.82,91.89,829688
2022-01-21,91.89,92.15,91.07,91.51,640277
2022-01-24,91.51,92.83,91.42,92.52,442022
2022-01-25,92.52,93.64,91.35,91.94,785493
2022-01-26,91.94,93.49,91.81,92.77,578705
2022-01-27,92.77,92.99,91.61,91.64,759993
2022-01-28,91.64,92.24,90.97,92.17,369152
2022-01-31,92.17,94.24,92.16,93.62,715197
2022-02-01,93.62,94.1,91.14,91.14,642445
2022-02-02,91.14,91.72,89.5,90.35,769774
2022-02-03,90.35,91.08,90.33,90.92,901125
2022-02-04,90.92,91.72,90.16,90.72,696543
2022-02-07,90.72,92.22,90.25,91.09,361439
2022-02-08,91.09,91.29,90.42,90.49,379720
2022-02-09,90.49,90.86,90.11,90.58,580751
2022-02-10,90.58,91.47,89.67,90.42,932307
2022-02-11,90.42,92.01,90.17,91.59,461659
2022-02-14,91.59,92.09,91.22,91.84,489546
2022-02-15,91.84,92.68,91.5,92.18,163965
2022-02-16,92.18,92.56,91.64,91.77,197799
2022-02-17,91.77,92.32,91.0,91.28,895379
2022-02-18,91.28,91.34,90.45,90.85,355821
2022-02-21,90.85,91.38,90.7,91.24,560188
2022-02-22,91.24,91.28,90.78,90.82,762714
2022-02-23,90.82,91.8,90.05,91.11,595919
2022-02-24,91.11,93.35,90.12,93.19,312456
2022-02-25,93.19,95.19,92.98,94.06,270205
2022-02-28,94.06,94.75,93.23,93.73,653214
2022-03-01,93.73,95.21,93.32,94.93,109927
2022-03-02,94.93,95.0,93.82,94.52,308785
2022-03-03,94.52,94.87,92.42,92.49,664984
2022-03-04,92.49,92.75,90.84,91.48,316486
2022-03-07,91.48,91.77,89.18,89.61,527709
2022-03-08,89.61,90.2,88.46,89.26,892038
2022-03-09,89.26,89.55,89.18,89.27,511906
2022-03-10,89.27,91.04,88.6,90.95,854085
2022-03-11,90.95,91.42,90.23,91.28,198234
2022-03-14,91.28,91.41,90.38,91.06,928282
2022-03-15,91.06,92.78,90.53,91.89,773217
2022-03-16,91.89,92.11,89.13,89.68,417942
2022-03-17,89.68,90.67,88.8,89.91,882479
2022-03-18,89.91,90.74,89.85,90.68,468863
2022-03-21,90.68,90.97,88.57,89.2,419752
2022-03-22,89.2,90.6,88.92,90.35,791252
2022-03-23,90.35,91.46,90.28,90.69,177606
2022-03-24,90.69,91.4,89.55,90.27,675610
2022-03-25,90.27,91.1,90.06,90.9,724987
2022-03-28,90.9,93.45,90.18,93.17,498731
2022-03-29,93.17,93.5,91.93,93.36,701234
2022-03-30,93.36,93.78,93.07,93.6,405273
2022-03-31,93.6,93.61,92.56,93.15,227572
2022-04-01,93.15,93.17,92.08,92.3,897711
2022-04-04,92.3,93.63,92.21,93.13,153051
2022-04-05,93.13,93.38,92.11,92.27,368614
2022-04-06,92.27,92.43,91.6,92.34,376452
2022-04-07,92.34,93.32,91.58,91.86,543599
2022-04-08,91.86,92.59,91.45,92.34,267896
2022-04-11,92.34,93.0,91.97,92.68,693741
2022-04-12,92.68,94.07,92.03,93.71,114506
2022-04-13,93.71,94.27,92.74,93.2,520888
2022-04-14,93.2,93.37,92.43,92.93,290285
2022-04-15,92.93,93.42,91.35,91.96,936926
2022-04-18,91.96,92.53,90.82,91.51,719674
2022-04-19,91.51,92.12,90.79,91.89,705151
2022-04-20,91.89,92.7,91.63,92.65,704111
2022-04-21,92.65,93.29,91.7,91.72,931635
2022-04-22,91.72,92.84,91.46,92.59,338657
2022-04-25,92.59,94.42,92.49,93.95,956238
2022-04-26,93.95,94.81,93.29,94.36,955754
2022-04-27,94.36,96.47,93.91,96.24,270521
2022-04-28,96.24,96.26,95.44,95.46,306251
2022-04-29,95.46,96.62,94.13,94.22,877130
2022-05-02,94.22,94.52,91.9,92.44,776278
2022-05-03,92.44,94.41,91.98,93.94,314304
2022-05-04,93.94,94.81,93.7,94.59,414493
2022-05-05,94.59,94.67,94.35,94.54,507137
2022-05-06,94.54,95.09,93.5,94.82,751084
2022-05-09,94.82,95.39,92.71,93.69,508213
2022-05-10,93.69,96.34,93.28,96.14,120923
2022-05-11,96.14,96.52,95.32,96.27,355719
2022-05-12,96.27,96.5,95.77,96.38,654629
2022-05-13,96.38,97.79,95.79,97.1,787018
2022-05-16,97.1,97.95,96.27,97.58,908524
2022-05-17,97.58,98.55,96.65,97.81,447360
2022-05-18,97.81,98.36,96.73,97.02,396794
2022-05-19,97.02,98.19,96.85,97.49,460306
2022-05-20,97.49,99.64,97.13,99.37,645926
2022-05-23,99.37,100.88,98.64,100.71,856357
2022-05-24,100.71,102.9,100.3,102.31,312792
2022-05-25,102.31,102.64,101.38,101.8,102159
2022-05-26,101.8,101.88,100.28,100.81,816435
2022-05-27,100.81,101.07,99.9,100.68,865328
2022-05-30,100.68,101.2,100.4,100.74,947929
2022-05-31,100.74,101.83,100.62,101.83,729756
2022-06-01,101.83,102.15,100.08,100.14,498838
2022-06-02,100.14,102.0,100.08,101.67,826546
2022-06-03,101.67,102.09,100.45,101.51,696860
2022-06-06,101.51,101.69,100.81,101.08,122499
2022-06-07,101.08,101.1,99.18,100.07,586525
2022-06-08,100.07,100.54,98.32,98.42,191873
2022-06-09,98.42,99.83,98.17,99.24,418488
2022-06-10,99.24,99.47,99.14,99.31,535840
2022-06-13,99.31,99.78,97.78,98.02,183791
2022-06-14,98.02,98.34,96.35,96.73,181441
2022-06-15,96.73,97.73,95.71,96.39,331444
2022-06-16,96.39,99.02,95.78,98.06,237263
2022-06-17,98.06,98.34,97.4,97.8,147645
2022-06-20,97.8,98.11,95.47,96.3,979191
2022-06-21,96.3,96.92,95.85,96.05,917166
2022-06-22,96.05,96.55,95.62,95.78,995596
2022-06-23,95.78,95.83,92.58,93.08,690611
2022-06-24,93.08,93.17,92.96,93.03,791804
2022-06-27,93.03,93.52,92.29,92.8,588455
2022-06-28,92.8,94.2,92.26,93.49,825512
2022-06-29,93.49,95.54,92.81,95.34,641220
2022-06-30,95.34,96.86,94.95,96.47,132966
2022-07-01,96.47,96.87,95.35,96.2,142598
2022-07-04,96.2,96.22,95.04,95.09,947516
2022-07-05,95.09,98.17,94.74,97.67,117118
2022-07-06,97.67,98.22,97.53,97.73,434977
2022-07-07,97.73,97.78,97.48,97.74,887163
2022-07-08,97.74,97.75,96.99,97.72,864601
2022-07-11,97.72,98.1,97.49,97.91,246259
2022-07-12,97.91,98.33,97.39,97.77,323034
2022-07-13,97.77,97.78,97.08,97.2,644061
2022-07-14,97.2,97.25,96.61,96.65,593891
2022-07-15,96.65,96.96,96.09,96.62,345282
2022-07-18,96.62,96.79,95.89,96.07,869565
2022-07-19,96.07,96.32,95.27,95.36,485134
2022-07-20,95.36,95.87,95.06,95.47,660849
2022-07-21,95.47,95.96,94.92,95.21,101577
2022-07-22,95.21,97.11,95.17,96.72,328506
2022-07-25,96.72,97.07,93.62,94.06,948389
2022-07-26,94.06,95.32,93.99,95.16,819132
2022-07-27,95.16,96.6,95.08,96.4,819533
2022-07-28,96.4,96.48,93.22,94.33,443154
2022-07-29,94.33,94.53,93.9,93.99,637674
2022-08-01,93.99,94.05,93.44,93.61,977751
2022-08-02,93.61,93.81,91.86,92.21,152949
2022-08-03,92.21,92.72,90.99,91.43,566933
2022-08-04,91.43,91.71,90.14,90.32,775573
2022-08-05,90.32,92.47,90.11,92.07,675194
2022-08-08,92.07,93.04,92.05,93.01,955126
2022-08-09,93.01,94.45,92.84,94.28,450068
2022-08-10,94.28,95.61,93.43,95.0,921412
2022-08-11,95.0,96.24,93.74,93.87,980354
2022-08-12,93.87,94.25,92.15,93.35,396303
2022-08-15,93.35,94.33,92.64,93.84,654768
2022-08-16,93.84,94.23,92.4,92.61,925169
2022-08-17,92.61,93.79,92.5,93.33,433134
2022-08-18,93.33,93.43,92.8,93.09,923857
2022-08-19,93.09,93.78,92.32,92.71,153634
2022-08-22,92.71,93.9,92.54,93.42,992769
2022-08-23,93.42,94.13,92.75,93.87,503359
2022-08-24,93.87,93.96,92.67,93.51,254721
2022-08-25,93.51,94.74,92.88,94.67,378518
2022-08-26,94.67,96.29,92.43,93.58,907461
2022-08-29,93.58,94.28,93.26,94.2,655393
2022-08-30,94.2,94.9,93.92,94.79,750807
2022-08-31,94.79,95.93,93.42,94.48,377948
2022-09-01,94.48,95.12,94.19,94.81,894383
2022-09-02,94.81,95.03,93.12,93.56,764490
2022-09-05,93.56,95.31,93.42,94.48,792353
2022-09-06,94.48,94.58,94.03,94.3,207357
2022-09-07,94.3,94.69,93.71,93.78,298159
2022-09-08,93.78,95.38,92.8,94.82,912744
2022-09-09,94.82,95.53,93.92,94.12,583178
2022-09-12,94.12,94.48,92.45,92.71,109637
2022-09-13,92.71,93.01,90.97,91.15,651238
2022-09-14,91.15,91.82,90.78,91.76,100215
2022-09-15,91.76,92.29,90.08,90.48,123834
2022-09-16,90.48,92.95,89.74,92.24,634633
2022-09-19,92.24,92.29,89.93,90.15,768689
2022-09-20,90.15,92.68,89.99,91.85,313286
2022-09-21,91.85,92.16,91.77,92.06,395830
2022-09-22,92.06,92.11,91.95,91.96,334337
2022-09-23,91.96,92.1,91.41,91.42,434071
2022-09-26,91.42,92.14,90.49,91.82,737509
2022-09-27,91.82,91.94,90.97,91.78,925837
2022-09-28,91.78,93.4,91.64,92.88,414260
2022-09-29,92.88,93.57,92.83,93.0,949326
2022-09-30,93.0,93.86,92.74,93.15,192850
2022-10-03,93.15,93.82,92.7,92.78,858741
2022-10-04,92.78,93.67,92.49,92.73,780546
2022-10-05,92.73,93.48,91.73,93.04,964714
2022-10-06,93.04,93.04,90.87,91.33,434248
2022-10-07,91.33,91.94,89.91,89.98,823055
2022-10-10,89.98,91.28,89.38,90.72,428910
2022-10-11,90.72,91.08,90.58,90.89,705751
2022-10-12,90.89,91.37,90.11,90.71,126081
2022-10-13,90.71,90.82,90.06,90.73,106464
2022-10-14,90.73,91.17,90.62,91.07,886492
2022-10-17,91.07,91.81,90.49,90.53,443003
2022-10-18,90.53,90.62,89.65,89.76,119782
2022-10-19,89.76,90.48,89.75,89.95,633484
2022-10-20,89.95,90.42,87.86,88.97,874751
2022-10-21,88.97,89.83,88.72,89.38,124700
2022-10-24,89.38,90.01,87.58,87.68,891701
2022-10-25,87.68,89.1,87.03,88.71,149589
2022-10-26,88.71,89.3,88.24,89.18,786290
2022-10-27,89.18,90.07,88.28,89.44,170934
2022-10-28,89.44,90.87,88.91,90.42,714966
2022-10-31,90.42,92.36,90.35,92.08,468444
2022-11-01,92.08,93.75,92.08,93.1,465391
2022-11-02,93.1,93.12,91.17,91.26,478189
2022-11-03,91.26,92.04,89.91,89.98,737506
2022-11-04,89.98,90.17,89.19,89.35,425800
2022-11-07,89.35,90.21,89.25,89.38,156633
2022-11-08,89.38,90.49,89.14,89.9,912934
2022-11-09,89.9,90.02,88.53,89.17,183123
2022-11-10,89.17,90.06,88.51,89.36,397542
2022-11-11,89.36,89.63,88.14,88.6,866868
2022-11-14,88.6,89.09,87.84,87.99,765673
2022-11-15,87.99,88.03,86.48,86.58,900562
2022-11-16,86.58,87.18,84.82,85.66,250056
2022-11-17,85.66,86.46,84.23,84.31,182203
2022-11-18,84.31,84.38,82.62,83.33,776337
2022-11-21,83.33,85.54,83.07,84.39,974609
2022-11-22,84.39,84.55,83.04,83.44,238454
2022-11-23,83.44,86.43,83.36,86.07,539257
2022-11-24,86.07,86.75,85.99,86.56,931588
2022-11-25,86.56,87.1,86.45,86.75,104136
2022-11-28,86.75,87.02,85.76,85.89,880516
2022-11-29,85.89,86.75,85.35,86.59,913051
2022-11-30,86.59,86.78,85.65,86.01,246768
2022-12-01,86.01,86.22,85.54,86.14,191229
2022-12-02,86.14,89.03,85.73,88.7,299316
2022-12-05,88.7,89.56,88.38,88.6,714985
2022-12-06,88.6,90.45,88.52,89.75,931187
2022-12-07,89.75,89.87,88.75,89.05,151272
2022-12-08,89.05,89.05,88.92,89.01,615447
2022-12-09,89.01,91.26,88.89,90.78,294824
2022-12-12,90.78,90.79,89.16,90.16,213627
2022-12-13,90.16,92.34,89.74,91.97,179795
2022-12-14,91.97,93.65,91.9,92.68,238925
2022-12-15,92.68,92.71,91.85,92.11,249172
2022-12-16,92.11,93.65,91.87,92.75,934123
2022-12-19,92.75,93.99,92.21,93.72,531978
2022-12-20,93.72,94.59,93.49,94.34,841063
2022-12-21,94.34,95.04,92.41,92.77,811567
2022-12-22,92.77,92.96,92.02,92.04,129813
2022-12-23,92.04,92.32,90.83,91.8,889660
2022-12-26,91.8,92.93,91.38,91.72,399155
2022-12-27,91.72,92.63,91.35,92.34,278986
2022-12-28,92.34,92.63,91.88,92.52,402240
2022-12-29,92.52,92.58,90.35,91.18,823906
2022-12-30,91.18,91.61,90.91,91.56,111549
2023-01-02,91.56,93.31,91.22,92.17,135709
2023-01-03,92.17,93.25,92.1,92.73,827963
2023-01-04,92.73,94.13,92.68,93.82,586121
2023-01-05,93.82,95.13,93.58,94.65,629787
2023-01-06,94.65,95.43,94.43,95.11,760354
2023-01-09,95.11,96.06,95.0,95.04,453791
2023-01-10,95.04,95.07,93.18,93.38,479553
2023-01-11,93.38,93.82,93.01,93.81,888428
2023-01-12,93.81,94.52,93.53,94.01,720253
2023-01-13,94.01,94.8,93.73,94.29,432255
2023-01-16,94.29,94.49,92.55,93.01,189242
2023-01-17,93.01,93.7,91.38,91.93,935726
2023-01-18,91.93,93.59,91.8,92.98,362678
2023-01-19,92.98,93.15,92.81,92.94,814114
2023-01-20,92.94,93.91,92.64,93.62,297780
2023-01-23,93.62,93.91,93.21,93.65,658697
2023-01-24,93.65,94.05,92.71,93.68,910486
2023-01-25,93.68,94.79,93.6,94.62,100363
2023-01-26,94.62,94.66,93.66,94.1,565417
2023-01-27,94.1,94.5,93.92,94.2,275037
2023-01-30,94.2,94.24,93.05,93.74,879110
2023-01-31,93.74,94.31,93.13,93.3,524041
2023-02-01,93.3,93.59,92.84,92.99,815601
2023-02-02,92.99,93.39,92.9,93.22,121584
2023-02-03,93.22,93.63,92.45,92.74,170268
2023-02-06,92.74,94.55,91.98,93.99,848414
2023-02-07,93.99,94.27,92.36,93.1,509337
2023-02-08,93.1,93.22,91.87,92.91,298153
2023-02-09,92.91,93.21,92.09,92.47,123331
2023-02-10,92.47,93.98,92.06,93.92,548013
2023-02-13,93.92,94.33,93.61,94.12,895477
2023-02-14,94.12,96.14,93.74,95.15,127302
2023-02-15,95.15,95.27,93.23,93.66,262696
2023-02-16,93.66,94.52,93.23,93.93,494485
2023-02-17,93.93,95.02,93.52,94.82,794089
2023-02-20,94.82,95.72,94.64,94.9,764471
2023-02-21,94.9,96.56,94.3,95.97,566836
2023-02-22,95.97,97.16,95.26,95.45,261149
2023-02-23,95.45,97.62,94.13,96.86,277169
2023-02-24,96.86,99.4,96.54,99.16,675770
2023-02-27,99.16,99.52,98.53,98.79,376393
2023-02-28,98.79,98.85,98.01,98.35,399850
2023-03-01,98.35,100.02,97.69,99.8,739207
2023-03-02,99.8,101.42,99.51,101.38,778145
2023-03-03,101.38,101.64,100.07,100.86,648065
2023-03-06,100.86,101.36,100.28,100.44,123548
2023-03-07,100.44,101.36,99.77,100.16,544503
2023-03-08,100.16,100.6,98.68,98.81,772052
2023-03-09,98.81,98.92,97.73,97.89,739169
2023-03-10,97.89,98.69,96.49,96.89,312803
2023-03-13,96.89,97.12,95.69,96.12,121341
2023-03-14,96.12,96.93,96.03,96.09,873429
2023-03-15,96.09,96.8,95.99,96.32,261297
2023-03-16,96.32,97.97,95.94,97.87,187453
2023-03-17,97.87,97.96,96.66,96.87,547746
2023-03-20,96.87,97.95,96.3,97.86,502681
2023-03-21,97.86,98.04,97.53,97.64,215819
2023-03-22,97.64,97.7,97.4,97.59,897653
2023-03-23,97.59,98.8,97.43,98.27,768875
2023-03-24,98.27,98.38,96.64,97.15,255976
2023-03-27,97.15,98.01,97.03,97.53,105636
2023-03-28,97.53,98.0,97.1,97.7,383816
2023-03-29,97.7,98.39,97.31,98.19,678921
2023-03-30,98.19,99.5,98.05,98.48,225851
2023-03-31,98.48,101.53,97.95,100.93,988559
2023-04-03,100.93,101.12,99.77,100.29,326179
2023-04-04,100.29,100.58,99.1,99.76,317508
2023-04-05,99.76,99.77,99.08,99.14,482188
2023-04-06,99.14,99.33,98.43,98.59,811823
2023-04-07,98.59,98.78,97.73,97.95,244233
2023-04-10,97.95,99.17,97.7,99.14,120836
2023-04-11,99.14,101.84,99.07,100.56,250259
2023-04-12,100.56,101.13,99.79,99.99,747364
2023-04-13,99.99,100.3,97.71,99.15,420057
2023-04-14,99.15,99.9,99.07,99.63,856547
2023-04-17,99.63,100.25,98.79,99.07,213768
2023-04-18,99.07,100.0,98.78,99.71,188741
2023-04-19,99.71,100.34,98.89,99.91,399189
2023-04-20,99.91,100.4,97.85,98.39,257699
2023-04-21,98.39,100.44,97.54,99.94,103681
2023-04-24,99.94,101.88,99.26,101.74,739548
2023-04-25,101.74,101.96,100.79,101.12,498845
2023-04-26,101.12,101.46,100.19,100.74,481032
2023-04-27,100.74,101.17,99.45,101.02,287646
2023-04-28,101.02,102.17,100.84,101.36,356681
2023-05-01,101.36,102.46,100.64,102.02,823807
2023-05-02,102.02,104.6,101.17,104.03,180730
2023-05-03,104.03,104.14,103.32,103.85,665158
2023-05-04,103.85,104.17,102.24,103.05,380790
2023-05-05,103.05,103.19,101.62,101.67,469566
2023-05-08,101.67,102.08,100.4,100.94,466378
2023-05-09,100.94,101.39,100.9,100.91,532601
2023-05-10,100.91,103.37,100.72,102.7,565806
2023-05-11,102.7,103.05,102.14,102.18,202877
2023-05-12,102.18,102.6,102.14,102.41,721781
2023-05-15,102.41,102.8,102.19,102.39,491670
2023-05-16,102.39,104.05,102.3,103.58,711796
2023-05-17,103.58,106.6,103.47,106.11,689214
2023-05-18,106.11,106.38,105.35,105.58,930547
2023-05-19,105.58,106.51,105.03,105.09,823953
2023-05-22,105.09,106.35,104.59,106.13,419532
2023-05-23,106.13,106.96,106.01,106.81,133635
2023-05-24,106.81,108.76,106.48,108.66,139236
2023-05-25,108.66,109.25,108.56,109.24,654280
2023-05-26,109.24,110.15,108.71,108.88,396379
2023-05-29,108.88,109.57,107.95,109.47,682848
2023-05-30,109.47,111.07,108.98,110.58,337268
2023-05-31,110.58,111.74,110.52,111.4,222026
2023-06-01,111.4,111.99,110.94,111.91,710224
2023-06-02,111.91,113.43,111.9,112.98,244454
2023-06-05,112.98,114.7,112.19,114.15,743198
2023-06-06,114.15,115.56,113.83,115.53,358072
2023-06-07,115.53,117.0,115.23,116.18,957692
2023-06-08,116.18,116.45,115.58,116.01,248866
2023-06-09,116.01,116.36,115.42,116.16,280775
2023-06-12,116.16,117.47,115.57,117.36,985733
2023-06-13,117.36,118.28,116.43,116.55,473957
2023-06-14,116.55,117.31,115.62,116.92,836854
2023-06-15,116.92,117.18,115.91,116.52,700338
2023-06-16,116.52,116.71,116.51,116.55,373326
2023-06-19,116.55,118.79,116.38,117.83,801458
2023-06-20,117.83,118.18,116.93,118.02,617200
2023-06-21,118.02,118.1,117.95,118.07,726701
2023-06-22,118.07,118.33,116.57,116.71,248178
2023-06-23,116.71,118.24,116.03,117.45,870391
2023-06-26,117.45,118.19,116.4,118.1,160186
2023-06-27,118.1,120.8,117.83,120.26,136160
2023-06-28,120.26,120.56,119.59,119.95,773289
2023-06-29,119.95,120.26,118.86,120.17,981809
2023-06-30,120.17,120.91,119.52,120.42,982608
2023-07-03,120.42,122.53,120.32,122.0,520661
2023-07-04,122.0,122.11,121.62,121.9,514627
2023-07-05,121.9,122.23,121.46,122.18,925854
2023-07-06,122.18,123.61,121.88,122.79,762727
2023-07-07,122.79,123.35,122.17,122.98,305827
2023-07-10,122.98,123.22,122.07,122.53,513083
2023-07-11,122.53,122.87,121.53,122.73,207669
2023-07-12,122.73,124.09,122.55,123.8,506396
2023-07-13,123.8,124.59,122.16,122.77,974168
2023-07-14,122.77,122.95,121.98,122.91,393313
2023-07-17,122.91,123.95,121.45,122.21,900889
2023-07-18,122.21,123.62,121.53,123.4,197064
2023-07-19,123.4,123.78,121.11,121.88,956566
2023-07-20,121.88,122.0,121.32,121.32,738449
2023-07-21,121.32,122.45,121.02,121.7,239133
2023-07-24,121.7,124.06,121.25,123.26,514021
2023-07-25,123.26,123.33,122.59,123.2,351842
2023-07-26,123.2,123.29,122.42,122.64,636114
2023-07-27,122.64,125.13,121.88,124.52,629783
2023-07-28,124.52,125.02,122.61,123.07,419186
2023-07-31,123.07,123.9,120.52,120.88,820602
2023-08-01,120.88,121.89,120.86,121.32,169093
2023-08-02,121.32,121.63,120.45,120.81,813895
2023-08-03,120.81,121.26,119.11,119.79,385291
2023-08-04,119.79,120.93,119.72,120.5,190925
2023-08-07,120.5,120.95,120.0,120.74,113731
2023-08-08,120.74,120.94,120.1,120.18,741000
2023-08-09,120.18,120.49,118.64,118.9,194202
2023-08-10,118.9,120.15,118.38,119.77,544854
2023-08-11,119.77,120.55,119.62,120.42,184363
2023-08-14,120.42,120.89,119.77,120.32,373958
2023-08-15,120.32,122.74,119.07,122.17,957033
2023-08-16,122.17,122.41,120.78,121.1,758767
2023-08-17,121.1,121.16,118.72,119.57,306717
2023-08-18,119.57,119.66,118.4,118.88,661001
2023-08-21,118.88,119.11,117.96,118.84,926954
2023-08-22,118.84,119.98,118.61,119.08,985829
2023-08-23,119.08,119.09,118.17,118.84,340056
2023-08-24,118.84,119.23,118.52,119.19,204843
2023-08-25,119.19,119.39,117.58,117.94,154362
2023-08-28,117.94,120.13,117.48,119.38,464543
2023-08-29,119.38,119.59,119.16,119.3,568731
2023-08-30,119.3,120.42,119.02,120.42,648912
2023-08-31,120.42,121.06,119.37,120.76,713614
2023-09-01,120.76,121.58,120.49,121.22,371733
2023-09-04,121.22,121.85,120.82,121.79,850046
2023-09-05,121.79,122.76,121.34,122.24,640282
2023-09-06,122.24,123.37,121.91,122.88,204672
2023-09-07,122.88,124.3,122.43,124.21,173313
2023-09-08,124.21,124.44,123.68,124.4,332911
2023-09-11,124.4,125.26,124.02,125.11,442196
2023-09-12,125.11,125.3,124.73,125.02,263004
2023-09-13,125.02,126.67,124.71,126.46,307397
2023-09-14,126.46,127.05,125.58,125.79,136404
2023-09-15,125.79,127.84,125.38,127.59,952318
2023-09-18,127.59,127.95,127.49,127.55,325461
2023-09-19,127.55,128.25,125.51,126.12,588195
2023-09-20,126.12,126.97,126.03,126.24,571068
2023-09-21,126.24,126.78,125.09,125.56,945844
2023-09-22,125.56,127.27,125.04,126.4,792289
2023-09-25,126.4,127.07,125.09,125.75,856322
2023-09-26,125.75,126.58,125.17,125.31,332320
2023-09-27,125.31,125.37,122.99,123.42,757346
2023-09-28,123.42,123.5,122.9,122.96,227101
2023-09-29,122.96,123.15,119.62,120.54,829668
2023-10-02,120.54,120.6,118.39,118.96,493445
2023-10-03,118.96,119.82,118.65,119.72,656107
2023-10-04,119.72,120.84,119.64,120.5,513166
2023-10-05,120.5,120.96,120.39,120.93,461417
2023-10-06,120.93,121.45,119.7,119.96,245364
2023-10-09,119.96,120.59,119.44,119.91,429963
2023-10-10,119.91,120.0,119.67,119.91,907182
2023-10-11,119.91,120.07,118.7,118.75,212036
2023-10-12,118.75,120.47,118.39,120.25,690348
2023-10-13,120.25,122.02,119.14,121.13,378676
2023-10-16,121.13,121.33,120.61,120.91,373497
2023-10-17,120.91,121.17,120.15,120.94,793464
2023-10-18,120.94,121.32,120.69,121.15,243988
2023-10-19,121.15,121.74,118.49,119.1,567143
2023-10-20,119.1,119.21,118.27,118.86,572312
2023-10-23,118.86,120.11,117.76,118.17,935165
2023-10-24,118.17,118.42,116.42,117.17,386287
2023-10-25,117.17,117.29,116.75,116.89,207044
2023-10-26,116.89,118.75,116.58,118.69,169351
2023-10-27,118.69,119.37,118.16,119.33,598095
2023-10-30,119.33,119.96,118.62,118.76,438144
2023-10-31,118.76,120.22,118.59,119.33,727290
2023-11-01,119.33,121.1,118.63,120.73,914299
2023-11-02,120.73,122.15,120.17,121.66,303305
2023-11-03,121.66,122.01,121.08,121.72,673722
2023-11-06,121.72,122.26,120.52,121.07,983784
2023-11-07,121.07,122.34,120.84,121.77,879957
2023-11-08,121.77,122.65,120.94,122.16,354265
2023-11-09,122.16,123.7,121.89,123.06,753817
2023-11-10,123.06,124.22,122.78,123.69,985540
2023-11-13,123.69,125.06,123.69,124.74,674675
2023-11-14,124.74,125.44,123.68,124.21,990752
2023-11-15,124.21,125.84,123.89,125.52,778710
2023-11-16,125.52,125.99,125.2,125.72,271929
2023-11-17,125.72,127.97,125.71,127.8,105577
2023-11-20,127.8,127.8,126.3,127.11,804463
2023-11-21,127.11,129.17,126.72,128.84,982930
2023-11-22,128.84,129.33,128.61,129.04,442776
2023-11-23,129.04,129.55,128.16,128.39,685842
2023-11-24,128.39,129.22,127.76,127.9,462544
2023-11-27,127.9,128.25,127.45,127.58,307302
2023-11-28,127.58,128.13,126.83,128.01,689428
2023-11-29,128.01,128.61,127.82,128.53,414368
2023-11-30,128.53,128.92,127.93,127.96,927165
2023-12-01,127.96,128.05,127.48,127.93,822496
2023-12-04,127.93,130.17,127.47,130.08,608522
2023-12-05,130.08,132.16,129.83,131.8,359427
2023-12-06,131.8,132.48,131.27,132.24,353608
2023-12-07,132.24,132.91,131.92,132.28,277763
2023-12-08,132.28,132.91,131.54,132.4,907733
2023-12-11,132.4,133.14,131.78,133.01,195419
2023-12-12,133.01,133.62,131.86,131.99,826989
2023-12-13,131.99,132.51,131.47,131.73,120655
2023-12-14,131.73,132.1,129.74,130.06,510354
2023-12-15,130.06,130.71,129.87,130.46,189743
2023-12-18,130.46,131.41,128.99,131.11,189846
2023-12-19,131.11,131.18,130.24,130.63,960665
2023-12-20,130.63,132.27,130.57,132.2,644392
2023-12-21,132.2,132.44,129.83,130.97,945457
2023-12-22,130.97,131.18,129.39,129.51,624156
2023-12-25,129.51,129.96,129.01,129.73,303141
2023-12-26,129.73,131.51,129.02,130.78,531544
2023-12-27,130.78,132.55,130.69,132.46,331525
2023-12-28,132.46,132.86,131.72,132.01,455288
2023-12-29,132.01,133.95,131.59,133.08,284100
2024-01-01,133.08,133.13,132.97,133.05,306724
2024-01-02,133.05,133.34,132.72,132.87,262434
2024-01-03,132.87,134.09,132.47,133.76,892473
2024-01-04,133.76,135.14,132.85,134.41,776419
2024-01-05,134.41,135.0,132.68,132.83,498635
2024-01-08,132.83,134.94,132.39,134.31,653006
2024-01-09,134.31,135.69,133.92,135.69,838925
2024-01-10,135.69,136.06,135.05,135.06,347113
2024-01-11,135.06,135.84,134.79,135.46,667256
2024-01-12,135.46,135.95,134.63,135.95,642462
2024-01-15,135.95,136.49,134.87,136.21,661548
2024-01-16,136.21,136.26,135.5,135.66,295991
2024-01-17,135.66,136.35,134.84,134.99,958809
2024-01-18,134.99,135.48,134.55,134.97,359425
2024-01-19,134.97,136.69,134.84,136.14,329991
2024-01-22,136.14,136.72,136.02,136.68,292180
2024-01-23,136.68,137.05,135.98,136.31,939934
2024-01-24,136.31,137.29,135.75,137.08,699649
2024-01-25,137.08,137.81,133.98,134.24,432103
2024-01-26,134.24,135.55,134.17,135.38,271999
2024-01-29,135.38,135.97,132.51,133.65,929311
2024-01-30,133.65,133.96,132.9,133.28,451931
2024-01-31,133.28,133.51,131.3,132.16,278130
2024-02-01,132.16,132.74,130.66,130.87,776935
2024-02-02,130.87,132.35,130.21,132.03,553572
2024-02-05,132.03,132.95,130.83,131.56,791150
2024-02-06,131.56,132.1,131.14,131.91,475574
2024-02-07,131.91,131.97,131.73,131.86,374548
2024-02-08,131.86,133.07,131.2,132.34,270534
2024-02-09,132.34,133.87,132.15,132.41,346512
2024-02-12,132.41,132.82,131.07,131.13,258253
2024-02-13,131.13,132.92,130.79,132.13,506491
2024-02-14,132.13,132.21,130.95,131.63,512857
2024-02-15,131.63,131.76,129.76,130.08,596389
2024-02-16,130.08,130.45,129.64,129.65,628269
2024-02-19,129.65,131.69,129.59,131.15,481382
2024-02-20,131.15,132.66,131.06,132.0,742742
2024-02-21,132.0,132.28,131.42,131.65,453153
2024-02-22,131.65,131.81,131.26,131.3,894042
2024-02-23,131.3,131.92,130.5,130.98,594064
2024-02-26,130.98,133.33,130.13,133.06,296936
2024-02-27,133.06,133.68,132.53,133.44,500010
2024-02-28,133.44,133.96,132.52,133.87,907040
2024-02-29,133.87,135.42,133.09,134.9,680305
2024-03-01,134.9,135.15,134.43,135.14,150468
2024-03-04,135.14,135.87,134.53,134.88,765078
2024-03-05,134.88,135.1,134.49,134.68,147599
2024-03-06,134.68,135.01,133.81,134.61,934089
2024-03-07,134.61,134.71,134.25,134.57,620112
2024-03-08,134.57,135.34,134.45,135.3,649633
2024-03-11,135.3,135.49,134.77,135.35,257212
2024-03-12,135.35,136.3,135.1,136.09,442808
2024-03-13,136.09,136.48,135.87,136.01,995781
2024-03-14,136.01,136.42,135.72,136.08,923578
2024-03-15,136.08,136.15,133.79,134.09,561823
2024-03-18,134.09,135.61,133.54,135.0,790681
2024-03-19,135.0,135.65,134.71,135.35,905589
2024-03-20,135.35,137.34,134.81,136.35,464446
2024-03-21,136.35,137.28,132.96,133.45,630084
2024-03-22,133.45,135.55,133.27,135.54,910506
2024-03-25,135.54,135.9,135.34,135.4,854534
2024-03-26,135.4,137.35,134.87,136.51,921939
2024-03-27,136.51,137.52,134.41,135.47,910238
2024-03-28,135.47,136.35,134.96,136.08,502968
2024-03-29,136.08,136.88,135.02,135.03,886885
2024-04-01,135.03,135.52,134.13,134.4,738464
2024-04-02,134.4,136.39,134.34,136.32,439851
2024-04-03,136.32,136.69,136.03,136.13,335851
2024-04-04,136.13,136.58,135.39,136.34,607750
2024-04-05,136.34,137.6,136.03,137.21,938018
2024-04-08,137.21,138.02,137.13,137.71,627831
2024-04-09,137.71,138.17,137.51,137.86,659319
2024-04-10,137.86,139.23,136.85,138.23,605329
2024-04-11,138.23,141.07,137.71,140.63,697993
2024-04-12,140.63,140.75,140.37,140.57,143822
2024-04-15,140.57,141.24,140.51,140.77,319606
2024-04-16,140.77,141.95,140.37,141.82,573594
2024-04-17,141.82,143.07,141.53,142.93,980624
2024-04-18,142.93,144.75,142.59,144.12,259912
2024-04-19,144.12,145.11,143.81,144.75,513841
2024-04-22,144.75,144.89,143.1,143.61,775899
2024-04-23,143.61,145.45,142.72,145.25,270457
2024-04-24,145.25,145.76,143.7,144.1,459181
2024-04-25,144.1,144.79,144.02,144.4,189876
2024-04-26,144.4,144.41,143.28,143.65,460400
2024-04-29,143.65,143.87,142.49,143.58,819005
2024-04-30,143.58,143.92,142.98,143.91,299121
2024-05-01,143.91,144.84,143.89,144.23,763270
2024-05-02,144.23,145.72,143.57,144.65,179888
2024-05-03,144.65,146.59,143.46,146.27,391736
2024-05-06,146.27,146.86,146.07,146.72,368116
2024-05-07,146.72,146.83,146.32,146.48,649308
2024-05-08,146.48,148.39,146.29,147.44,112879
2024-05-09,147.44,149.0,147.26,148.63,437935
2024-05-10,148.63,149.66,147.03,147.4,259472
2024-05-13,147.4,148.6,146.8,148.0,254607
2024-05-14,148.0,149.13,147.6,148.7,104055
2024-05-15,148.7,149.18,147.94,148.41,986408
2024-05-16,148.41,150.49,148.2,149.78,572032
2024-05-17,149.78,149.84,149.6,149.63,463308
2024-05-20,149.63,149.93,149.42,149.76,660309
2024-05-21,149.76,149.99,149.36,149.58,844990
2024-05-22,149.58,149.91,149.44,149.6,839945
2024-05-23,149.6,149.67,147.63,148.5,749983
2024-05-24,148.5,149.29,146.78,147.06,917439
2024-05-27,147.06,148.66,146.63,148.66,974722
2024-05-28,148.66,148.85,147.74,147.81,618196
2024-05-29,147.81,147.94,146.38,146.82,116138
2024-05-30,146.82,147.11,144.36,144.67,978691
2024-05-31,144.67,144.95,143.86,144.03,129086
2024-06-03,144.03,144.56,142.4,142.7,219324
2024-06-04,142.7,144.75,142.67,144.35,987937
2024-06-05,144.35,146.11,143.69,145.35,812917
2024-06-06,145.35,145.45,144.37,144.67,392441
2024-06-07,144.67,147.95,143.49,146.92,703841
2024-06-10,146.92,148.18,146.68,147.9,329937
2024-06-11,147.9,147.94,147.39,147.58,829992
2024-06-12,147.58,147.63,144.77,145.08,865387
2024-06-13,145.08,147.64,144.68,147.37,490555
2024-06-14,147.37,147.88,145.67,145.98,198185
2024-06-17,145.98,146.32,144.13,144.33,707317
2024-06-18,144.33,145.76,144.33,145.36,948689
2024-06-19,145.36,148.07,145.19,147.8,749179
2024-06-20,147.8,150.47,147.64,149.18,580674
2024-06-21,149.18,149.82,148.92,149.74,383135
2024-06-24,149.74,150.86,149.54,150.34,363685
2024-06-25,150.34,152.49,149.77,151.19,784643
2024-06-26,151.19,152.87,150.8,151.95,773166
2024-06-27,151.95,152.9,151.73,152.23,618790
2024-06-28,152.23,152.46,151.79,152.34,518973
2024-07-01,152.34,152.63,151.97,152.27,507922
2024-07-02,152.27,152.38,151.33,151.52,812932
2024-07-03,151.52,151.53,151.22,151.24,501063
2024-07-04,151.24,151.32,149.35,149.55,485781
2024-07-05,149.55,149.57,148.96,149.45,473410
2024-07-08,149.45,150.44,148.37,148.46,644475
2024-07-09,148.46,148.46,147.03,147.36,217996
2024-07-10,147.36,148.07,146.95,147.53,179971
2024-07-11,147.53,149.26,147.23,148.93,497597
2024-07-12,148.93,151.19,148.51,149.85,846777
2024-07-15,149.85,150.04,148.05,148.27,946462
2024-07-16,148.27,148.91,147.09,147.29,671238
2024-07-17,147.29,148.36,146.87,148.23,246161
2024-07-18,148.23,148.25,146.13,147.24,601477
2024-07-19,147.24,147.3,146.59,147.02,882046
2024-07-22,147.02,147.73,146.98,147.57,830351
2024-07-23,147.57,148.08,145.68,146.6,394358
2024-07-24,146.6,146.75,146.15,146.71,233177
2024-07-25,146.71,148.04,145.37,145.37,158408
2024-07-26,145.37,145.6,144.52,144.77,704019
2024-07-29,144.77,145.15,144.34,145.09,217798
2024-07-30,145.09,145.34,142.99,143.5,163079
2024-07-31,143.5,144.07,143.04,143.94,582450
2024-08-01,143.94,144.7,143.36,143.92,571022
2024-08-02,143.92,145.44,142.59,144.47,728580
2024-08-05,144.47,144.89,144.47,144.69,996618
2024-08-06,144.69,146.42,144.55,146.06,985114
2024-08-07,146.06,146.48,145.96,146.18,943521
2024-08-08,146.18,146.8,145.67,145.75,903051
2024-08-09,145.75,146.51,145.36,145.88,376923
2024-08-12,145.88,146.96,145.71,146.42,908062
2024-08-13,146.42,146.59,145.79,146.47,909216
2024-08-14,146.47,146.97,146.13,146.51,998599
2024-08-15,146.51,146.94,145.77,145.81,991255
2024-08-16,145.81,146.35,144.63,145.14,862557
2024-08-19,145.14,145.26,143.54,143.74,682933
2024-08-20,143.74,145.64,143.02,145.49,784266
2024-08-21,145.49,146.02,144.04,144.25,846631
2024-08-22,144.25,145.28,143.08,143.55,757191
2024-08-23,143.55,144.17,142.0,142.84,942000
2024-08-26,142.84,143.75,142.34,143.73,748565
2024-08-27,143.73,144.19,142.96,143.44,372827
2024-08-28,143.44,144.82,142.76,144.68,576857
2024-08-29,144.68,144.79,143.98,144.01,886167
2024-08-30,144.01,144.75,143.32,144.29,371635
2024-09-02,144.29,144.62,143.34,143.45,362512
2024-09-03,143.45,146.17,142.88,145.6,747049
2024-09-04,145.6,145.76,143.52,144.41,791750
2024-09-05,144.41,145.15,144.33,144.72,201735
2024-09-06,144.72,146.09,144.48,145.36,811932
2024-09-09,145.36,146.26,144.94,145.77,721747
2024-09-10,145.77,146.29,145.34,145.58,329171
2024-09-11,145.58,145.67,145.29,145.45,207338
2024-09-12,145.45,146.03,145.0,145.5,395103
2024-09-13,145.5,145.5,145.23,145.35,852255
2024-09-16,145.35,146.52,145.09,146.31,127197
2024-09-17,146.31,148.55,146.07,148.53,946056
2024-09-18,148.53,148.64,147.71,147.97,416790
2024-09-19,147.97,148.0,146.23,146.6,145712
2024-09-20,146.6,147.68,146.16,146.51,436497
2024-09-23,146.51,150.0,145.99,149.09,993150
2024-09-24,149.09,149.45,148.28,148.29,802121
2024-09-25,148.29,150.54,147.66,149.92,894335
2024-09-26,149.92,151.72,149.47,151.6,198971
2024-09-27,151.6,152.12,150.37,151.05,710278
2024-09-30,151.05,151.65,150.18,151.62,669405
2024-10-01,151.62,153.68,151.14,153.25,148113
2024-10-02,153.25,154.19,152.4,152.87,790778
2024-10-03,152.87,153.35,152.48,152.66,443243
2024-10-04,152.66,152.67,151.18,152.08,893327
2024-10-07,152.08,152.49,151.01,151.07,910364
2024-10-08,151.07,151.43,150.24,150.42,709756
2024-10-09,150.42,150.67,149.15,149.19,871279
2024-10-10,149.19,149.39,148.82,149.23,677701
2024-10-11,149.23,150.06,148.1,148.46,352515
2024-10-14,148.46,148.76,148.25,148.69,644075
2024-10-15,148.69,148.82,147.03,147.14,872783
2024-10-16,147.14,147.84,147.03,147.47,661669
2024-10-17,147.47,148.31,147.32,148.3,668482
2024-10-18,148.3,148.77,145.43,146.31,623512
2024-10-21,146.31,147.07,145.86,146.68,158453
2024-10-22,146.68,148.36,146.26,147.91,476440
2024-10-23,147.91,148.68,146.66,146.7,671386
2024-10-24,146.7,148.93,145.94,148.37,431065
2024-10-25,148.37,148.83,147.84,148.79,369357
2024-10-28,148.79,149.28,147.66,148.09,430515
2024-10-29,148.09,148.13,147.82,148.03,663889
2024-10-30,148.03,149.44,147.75,148.59,790091
2024-10-31,148.59,149.57,148.24,148.66,783565
2024-11-01,148.66,149.52,148.59,149.2,242012
2024-11-04,149.2,149.45,148.23,148.28,617537
2024-11-05,148.28,149.4,148.22,148.45,798412
2024-11-06,148.45,148.83,147.0,147.04,937946
2024-11-07,147.04,147.17,146.19,146.93,379365
2024-11-08,146.93,146.94,145.62,146.02,619911
2024-11-11,146.02,146.84,145.16,145.29,202951
2024-11-12,145.29,146.76,144.02,146.52,172178
2024-11-13,146.52,147.81,146.48,147.61,448943
2024-11-14,147.61,148.55,147.61,148.22,375375
2024-11-15,148.22,148.38,146.97,147.13,525840
2024-11-18,147.13,147.92,146.41,146.81,838157
2024-11-19,146.81,148.32,146.12,148.03,520628
2024-11-20,148.03,148.33,147.56,148.17,977080
2024-11-21,148.17,150.53,147.59,150.49,389372
2024-11-22,150.49,151.02,150.48,150.88,311979
2024-11-25,150.88,151.71,150.41,151.07,299899
2024-11-26,151.07,151.24,150.7,150.77,674543
2024-11-27,150.77,151.57,150.41,150.9,912390
2024-11-28,150.9,151.24,150.42,150.75,354657
2024-11-29,150.75,151.5,150.63,151.45,254404
2024-12-02,151.45,152.62,150.93,152.41,369388
2024-12-03,152.41,152.61,151.36,151.63,217450
2024-12-04,151.63,151.69,150.19,150.29,640997
2024-12-05,150.29,150.66,148.46,148.46,988513
2024-12-06,148.46,149.58,148.25,148.97,251152
2024-12-09,148.97,149.93,147.51,147.86,946278
2024-12-10,147.86,148.44,145.33,145.71,934569
2024-12-11,145.71,147.06,145.37,146.1,539628
2024-12-12,146.1,149.53,146.02,148.59,787810
2024-12-13,148.59,148.99,148.1,148.58,424058
2024-12-16,148.58,149.74,148.41,149.42,713008
2024-12-17,149.42,150.0,149.15,149.51,236694
2024-12-18,149.51,150.01,149.12,149.41,715429
2024-12-19,149.41,150.6,148.51,150.33,464534
2024-12-20,150.33,151.1,149.04,150.04,122995
2024-12-23,150.04,150.93,149.94,150.3,541168
2024-12-24,150.3,150.73,150.08,150.62,599471
2024-12-25,150.62,150.71,149.67,149.96,297127
2024-12-26,149.96,151.44,149.87,150.95,147456
2024-12-27,150.95,152.39,150.73,150.77,499472
2024-12-30,150.77,151.09,150.0,150.02,719225
2024-12-31,150.02,150.92,149.37,150.55,738103
2025-01-01,150.55,151.01,148.89,149.66,912002
2025-01-02,149.66,149.98,149.48,149.68,293691
2025-01-03,149.68,149.84,149.57,149.67,381383
2025-01-06,149.67,151.95,149.26,150.76,364019
2025-01-07,150.76,151.29,150.02,151.24,579969
2025-01-08,151.24,151.6,151.18,151.21,110794
2025-01-09,151.21,152.33,151.14,152.03,274469
2025-01-10,152.03,154.45,151.83,153.42,455992
2025-01-13,153.42,153.99,152.25,153.98,642770
2025-01-14,153.98,154.11,153.02,153.99,154213
2025-01-15,153.99,155.45,152.14,152.67,105435
2025-01-16,152.67,152.78,151.32,151.61,660113
2025-01-17,151.61,151.98,150.47,151.3,142782
2025-01-20,151.3,151.46,149.66,150.69,564535
2025-01-21,150.69,151.81,150.06,150.51,156572
2025-01-22,150.51,150.62,150.09,150.56,136069
2025-01-23,150.56,151.35,149.88,151.09,882533
2025-01-24,151.09,151.24,150.77,151.02,951726
2025-01-27,151.02,151.96,150.55,151.51,539717
2025-01-28,151.51,151.98,151.3,151.57,745190
2025-01-29,151.57,151.71,148.92,149.6,324872
2025-01-30,149.6,149.87,148.32,148.66,862922
2025-01-31,148.66,149.07,147.95,148.52,818980
2025-02-03,148.52,148.82,146.44,147.31,973216
2025-02-04,147.31,148.13,146.7,147.91,386268
2025-02-05,147.91,149.57,147.7,149.44,196651
2025-02-06,149.44,150.98,149.21,150.66,920509
2025-02-07,150.66,151.1,149.78,150.44,185283
2025-02-10,150.44,152.6,150.08,151.93,615609
2025-02-11,151.93,152.26,151.67,152.08,387906
2025-02-12,152.08,152.64,151.2,151.74,148825
2025-02-13,151.74,152.55,150.74,151.13,461756
2025-02-14,151.13,151.52,150.79,150.83,496474
2025-02-17,150.83,151.01,149.78,150.44,532681
2025-02-18,150.44,150.75,149.76,150.61,789567
2025-02-19,150.61,151.21,149.93,150.77,873372
2025-02-20,150.77,151.08,150.32,150.77,821565
2025-02-21,150.77,151.45,150.07,151.21,902925
2025-02-24,151.21,153.41,150.93,152.4,948039
2025-02-25,152.4,153.36,151.34,153.35,921247
2025-02-26,153.35,153.78,151.59,151.87,509898
2025-02-27,151.87,152.37,148.91,149.31,512111
2025-02-28,149.31,150.73,148.94,150.25,476356
2025-03-03,150.25,150.4,148.64,148.88,103196
2025-03-04,148.88,149.28,148.56,148.66,962781
2025-03-05,148.66,148.67,147.31,147.49,521441
2025-03-06,147.49,147.58,145.0,145.68,216074
2025-03-07,145.68,146.32,145.41,146.22,511267
2025-03-10,146.22,147.61,145.73,146.98,724588
2025-03-11,146.98,147.07,145.92,146.41,217752
2025-03-12,146.41,146.63,143.48,143.82,639689
2025-03-13,143.82,144.08,143.16,143.27,771502
2025-03-14,143.27,143.69,142.76,143.66,914294
2025-03-17,143.66,144.27,142.09,142.18,312854
2025-03-18,142.18,142.4,141.76,142.37,959004
2025-03-19,142.37,142.75,142.1,142.35,104677
2025-03-20,142.35,144.04,141.53,142.93,511811
2025-03-21,142.93,143.27,142.78,143.05,658745
2025-03-24,143.05,143.1,141.15,142.08,294243
2025-03-25,142.08,143.8,141.86,143.27,717423
2025-03-26,143.27,143.49,142.92,143.11,658180
2025-03-27,143.11,143.25,143.07,143.09,346889
2025-03-28,143.09,143.2,141.61,142.15,423860
2025-03-31,142.15,143.15,141.69,141.71,646707
2025-04-01,141.71,141.91,140.65,140.83,135169
2025-04-02,140.83,141.69,140.19,140.65,962035
2025-04-03,140.65,143.18,140.2,142.36,538863
2025-04-04,142.36,142.8,140.56,140.99,736438
2025-04-07,140.99,141.31,139.23,139.38,984080
2025-04-08,139.38,140.94,138.94,140.85,865723
2025-04-09,140.85,140.95,139.89,140.64,724762
2025-04-10,140.64,140.93,139.71,139.97,737384
2025-04-11,139.97,141.93,139.56,141.01,368602
2025-04-14,141.01,141.09,140.2,140.41,800975
2025-04-15,140.41,142.78,140.37,142.23,401411
2025-04-16,142.23,142.99,141.31,142.91,357481
2025-04-17,142.91,143.32,142.04,142.42,575485
2025-04-18,142.42,144.87,142.11,144.58,390507
2025-04-21,144.58,144.75,143.45,143.97,942667
2025-04-22,143.97,144.92,143.46,144.72,256810
2025-04-23,144.72,145.68,143.63,145.02,675932
2025-04-24,145.02,146.85,144.87,146.32,245006
2025-04-25,146.32,148.42,145.58,147.88,287805
2025-04-28,147.88,148.55,147.58,147.91,218104
2025-04-29,147.91,148.86,147.0,147.16,172204
2025-04-30,147.16,148.19,146.61,147.62,918760
2025-05-01,147.62,147.62,146.64,146.94,748140
2025-05-02,146.94,149.38,146.33,148.95,104922
2025-05-05,148.95,149.76,148.81,149.09,905983
2025-05-06,149.09,150.03,148.66,148.72,122948
2025-05-07,148.72,149.26,148.4,148.91,757846
2025-05-08,148.91,149.49,147.5,147.56,107086
2025-05-09,147.56,148.05,146.39,146.59,863210
2025-05-12,146.59,148.25,146.54,147.79,416689
2025-05-13,147.79,148.04,146.81,147.13,116304
2025-05-14,147.13,147.86,145.88,146.09,566962
2025-05-15,146.09,146.8,145.6,146.62,755362
2025-05-16,146.62,148.15,146.32,147.81,833682
2025-05-19,147.81,148.92,147.69,148.53,575083
2025-05-20,148.53,149.87,148.05,149.52,743786
2025-05-21,149.52,149.91,148.19,148.77,938315
2025-05-22,148.77,149.44,146.46,147.35,463435
2025-05-23,147.35,148.93,147.25,148.85,829523
2025-05-26,148.85,149.85,147.95,148.52,128876
2025-05-27,148.52,149.11,147.5,148.27,329192
2025-05-28,148.27,150.09,147.57,149.6,128261
2025-05-29,149.6,150.24,148.52,150.16,496562
2025-05-30,150.16,150.65,149.83,150.61,242412
2025-06-02,150.61,153.32,150.24,152.78,726441
2025-06-03,152.78,153.18,151.61,152.14,998760
2025-06-04,152.14,153.26,151.72,153.06,484083
2025-06-05,153.06,153.22,152.86,153.12,765751
2025-06-06,153.12,153.58,152.87,153.39,833946
2025-06-09,153.39,155.08,153.29,154.92,484755
2025-06-10,154.92,155.73,153.85,155.42,334484
2025-06-11,155.42,156.4,154.7,155.96,755920
2025-06-12,155.96,158.23,155.59,157.04,488026
2025-06-13,157.04,157.91,156.32,156.67,619904
2025-06-16,156.67,156.81,155.28,155.83,449454
2025-06-17,155.83,156.05,154.15,154.79,684933
2025-06-18,154.79,155.28,152.62,152.82,248395
2025-06-19,152.82,155.67,152.62,154.88,289400
2025-06-20,154.88,155.33,153.59,153.77,802290
2025-06-23,153.77,153.86,152.86,153.55,132583
2025-06-24,153.55,154.23,152.7,153.28,803288
2025-06-25,153.28,153.9,152.4,153.58,112120
2025-06-26,153.58,154.65,152.99,154.4,644748
2025-06-27,154.4,155.37,154.33,155.26,275885
2025-06-30,155.26,155.36,154.24,154.68,354289
2025-07-01,154.68,154.8,154.17,154.51,827662
2025-07-02,154.51,155.15,153.92,154.79,754282
2025-07-03,154.79,155.04,154.23,154.54,343768
2025-07-04,154.54,156.94,153.96,156.15,937742
2025-07-07,156.15,156.97,155.76,156.64,169672
2025-07-08,156.64,157.8,156.33,157.38,585654
2025-07-09,157.38,158.16,157.2,158.04,218371
2025-07-10,158.04,159.44,157.39,159.21,862476
2025-07-11,159.21,159.48,159.05,159.39,896867
2025-07-14,159.39,159.92,157.92,158.1,980255
2025-07-15,158.1,158.8,157.71,158.5,732829
2025-07-16,158.5,159.16,156.78,157.84,877867
2025-07-17,157.84,158.14,156.54,157.32,776874
2025-07-18,157.32,158.39,157.11,157.9,232797
2025-07-21,157.9,159.26,157.64,159.14,506879
2025-07-22,159.14,159.69,159.12,159.16,768036
2025-07-23,159.16,159.63,158.22,159.47,481448
2025-07-24,159.47,161.7,159.46,161.17,812992
2025-07-25,161.17,162.5,160.3,161.41,820217
2025-07-28,161.41,165.02,161.3,164.02,939949
2025-07-29,164.02,164.97,162.97,164.58,832558
2025-07-30,164.58,164.58,162.55,162.82,347066
2025-07-31,162.82,163.59,162.42,163.57,375419
2025-08-01,163.57,164.28,163.28,163.95,829411
2025-08-04,163.95,166.19,163.44,165.24,394768
2025-08-05,165.24,166.0,165.23,165.92,462355
2025-08-06,165.92,166.24,164.41,165.78,756763
2025-08-07,165.78,165.82,164.34,164.55,859994
2025-08-08,164.55,164.56,164.24,164.35,722207
2025-08-11,164.35,164.72,163.3,163.5,244811
2025-08-12,163.5,164.05,162.33,162.91,975729
2025-08-13,162.91,164.15,162.47,163.5,668423
2025-08-14,163.5,165.25,162.52,165.17,263944
2025-08-15,165.17,165.81,165.01,165.57,710598
2025-08-18,165.57,166.01,164.03,164.37,602850
2025-08-19,164.37,165.45,164.18,164.82,220627
2025-08-20,164.82,166.35,164.31,166.01,770088
2025-08-21,166.01,166.15,165.21,165.4,824135
2025-08-22,165.4,165.92,165.22,165.27,579673
2025-08-25,165.27,165.34,165.18,165.28,389776
2025-08-26,165.28,165.93,164.46,164.5,692337
2025-08-27,164.5,165.31,163.61,165.15,795109
2025-08-28,165.15,165.94,164.95,165.03,941813
2025-08-29,165.03,165.75,164.83,165.45,265640
2025-09-01,165.45,165.78,163.97,164.56,163295
2025-09-02,164.56,164.85,164.08,164.12,874008
2025-09-03,164.12,165.32,163.71,164.84,379301
2025-09-04,164.84,165.25,164.47,164.47,287167
2025-09-05,164.47,166.37,164.35,166.2,989566
2025-09-08,166.2,166.61,165.51,165.8,491758
2025-09-09,165.8,166.06,165.14,166.02,686510
2025-09-10,166.02,167.42,165.52,166.96,112755
2025-09-11,166.96,167.26,164.75,165.54,395515
2025-09-12,165.54,166.98,163.77,163.78,888447
2025-09-15,163.78,164.62,162.1,162.25,380407
2025-09-16,162.25,164.06,161.98,163.51,913177
2025-09-17,163.51,163.54,162.5,162.96,160653
2025-09-18,162.96,165.87,162.63,165.52,109795
2025-09-19,165.52,166.21,164.73,164.96,727395
2025-09-22,164.96,166.0,164.29,165.14,653669
2025-09-23,165.14,167.27,164.1,166.68,430328
2025-09-24,166.68,169.09,166.28,168.69,959375
2025-09-25,168.69,170.84,168.02,170.75,934212
2025-09-26,170.75,172.03,170.5,171.96,180857
2025-09-29,171.96,173.1,171.71,172.98,444950
2025-09-30,172.98,174.34,172.8,173.57,818515
2025-10-01,173.57,174.46,172.86,174.35,589464
2025-10-02,174.35,174.55,173.55,173.8,415594
2025-10-03,173.8,173.81,172.85,172.98,124142
2025-10-06,172.98,173.26,172.79,172.98,231436
2025-10-07,172.98,173.05,172.24,172.81,703760
2025-10-08,172.81,172.86,172.05,172.36,241519
2025-10-09,172.36,173.36,172.19,173.05,851259
2025-10-10,173.05,175.18,172.78,174.01,738902
2025-10-13,174.01,174.35,173.68,174.1,506529
2025-10-14,174.1,175.62,173.58,175.57,478522
2025-10-15,175.57,176.96,173.66,174.43,871136
2025-10-16,174.43,174.61,174.08,174.24,245152
2025-10-17,174.24,174.9,172.71,173.52,635888
2025-10-20,173.52,173.74,170.79,171.66,911146
2025-10-21,171.66,172.15,171.3,171.57,536421
2025-10-22,171.57,171.73,170.25,171.45,162894
2025-10-23,171.45,173.37,170.51,172.96,853036
2025-10-24,172.96,173.88,172.26,173.6,100037
2025-10-27,173.6,173.63,172.05,172.57,658888
2025-10-28,172.57,175.97,172.43,174.43,357351
2025-10-29,174.43,175.68,174.11,175.65,958379
2025-10-30,175.65,176.42,175.55,176.23,843000
2025-10-31,176.23,176.32,175.72,176.0,264329
2025-11-03,176.0,177.14,174.94,175.04,554472
2025-11-04,175.04,175.14,174.15,174.67,301123
2025-11-05,174.67,176.5,174.12,175.76,973915
2025-11-06,175.76,178.13,175.42,177.64,992081
2025-11-07,177.64,179.28,177.06,179.19,890944
2025-11-10,179.19,179.68,178.0,178.7,305591
2025-11-11,178.7,179.06,176.59,177.58,897783
2025-11-12,177.58,177.9,177.33,177.72,228381
2025-11-13,177.72,178.66,175.87,175.95,697597
2025-11-14,175.95,176.57,175.57,176.27,588121
2025-11-17,176.27,176.44,176.02,176.13,769727
2025-11-18,176.13,176.79,175.55,175.66,505218
2025-11-19,175.66,176.75,173.93,174.07,834665
2025-11-20,174.07,174.59,173.49,174.58,554581
2025-11-21,174.58,174.63,173.08,174.05,637068
2025-11-24,174.05,174.81,172.36,172.88,277946
2025-11-25,172.88,173.02,169.95,170.0,964899
2025-11-26,170.0,170.12,169.71,169.98,345840
2025-11-27,169.98,171.94,169.63,171.75,459267
2025-11-28,171.75,174.03,171.53,173.41,789317
2025-12-01,173.41,173.47,172.89,172.95,190570
2025-12-02,172.95,173.5,171.63,172.35,662602
2025-12-03,172.35,173.67,172.02,172.82,471024
2025-12-04,172.82,172.85,171.41,171.82,948883
2025-12-05,171.82,172.53,171.26,172.12,266866
2025-12-08,172.12,173.51,171.99,172.89,269809
2025-12-09,172.89,174.25,172.31,174.12,266129
2025-12-10,174.12,174.44,173.88,174.02,275183
2025-12-11,174.02,174.03,173.78,173.81,618534
2025-12-12,173.81,173.87,172.92,172.93,961309
2025-12-15,172.93,173.63,171.08,172.11,781908
2025-12-16,172.11,172.26,171.55,171.88,726480
2025-12-17,171.88,172.71,171.15,172.25,761259
2025-12-18,172.25,174.11,171.53,173.16,469604
2025-12-19,173.16,173.36,171.05,172.36,466338
2025-12-22,172.36,174.58,171.43,173.85,767958
2025-12-23,173.85,173.98,172.47,173.58,747122
2025-12-24,173.58,175.04,173.06,173.56,415315
2025-12-25,173.56,174.02,172.51,172.81,133545
2025-12-26,172.81,173.32,169.34,170.39,217827
2025-12-29,170.39,171.96,169.49,171.27,887506
2025-12-30,171.27,172.66,169.97,172.01,516363
2025-12-31,172.01,172.55,171.1,171.73,155479
2026-01-01,171.73,172.28,171.38,171.79,339423
2026-01-02,171.79,172.59,171.49,172.31,520331
2026-01-05,172.31,172.35,170.14,170.75,411896
2026-01-06,170.75,171.07,170.03,170.22,541209
2026-01-07,170.22,171.15,169.47,171.01,925329
2026-01-08,171.01,171.69,169.14,169.76,890914
2026-01-09,169.76,170.29,169.45,170.05,929716
2026-01-12,170.05,170.27,168.46,168.7,242617
2026-01-13,168.7,169.99,168.47,169.16,104695
2026-01-14,169.16,169.62,169.12,169.13,937366
2026-01-15,169.13,169.87,166.67,167.51,570076
2026-01-16,167.51,168.85,166.97,168.68,467482
2026-01-19,168.68,169.37,167.22,167.94,391813
2026-01-20,167.94,168.17,166.63,167.13,766469
2026-01-21,167.13,167.87,166.62,167.33,245093
2026-01-22,167.33,169.33,166.98,168.48,556243
2026-01-23,168.48,168.56,166.93,167.46,929297
2026-01-26,167.46,167.54,167.44,167.53,120946
2026-01-27,167.53,169.24,167.48,167.95,930176
2026-01-28,167.95,168.74,167.85,168.65,385815
2026-01-29,168.65,169.45,168.44,168.82,528734
2026-01-30,168.82,169.65,167.94,168.46,729021
2026-02-02,168.46,168.89,167.28,167.63,401364
2026-02-03,167.63,168.04,167.08,167.72,759379
2026-02-04,167.72,167.96,166.64,166.64,597784
2026-02-05,166.64,166.73,163.19,163.72,484793
2026-02-06,163.72,164.72,163.31,164.16,909471
2026-02-09,164.16,165.4,164.08,165.06,159155
2026-02-10,165.06,165.08,161.93,162.7,856983
2026-02-11,162.7,162.83,161.24,161.69,185053
2026-02-12,161.69,162.61,160.7,162.31,399840
2026-02-13,162.31,164.42,161.15,164.37,297298
2026-02-16,164.37,164.73,163.92,164.39,597393
2026-02-17,164.39,165.43,163.31,163.66,837990
2026-02-18,163.66,164.03,162.75,163.48,940597
2026-02-19,163.48,165.47,163.48,164.85,621727
2026-02-20,164.85,165.04,164.02,164.21,867768
2026-02-23,164.21,164.27,163.39,163.41,450697
2026-02-24,163.41,163.43,162.65,162.92,726776
2026-02-25,162.92,163.28,161.71,161.97,440354
2026-02-26,161.97,162.18,161.51,162.09,497751
2026-02-27,162.09,163.94,161.07,163.72,553028
2026-03-02,163.72,164.71,163.61,164.04,464716
2026-03-03,164.04,164.25,163.05,163.79,110207
2026-03-04,163.79,164.21,162.88,163.5,554623
2026-03-05,163.5,164.16,161.45,161.93,141340
2026-03-06,161.93,162.87,161.74,162.82,373363
2026-03-09,162.82,163.55,162.3,162.74,906479
2026-03-10,162.74,163.57,162.25,162.56,697839
2026-03-11,162.56,166.44,162.17,165.75,153010
2026-03-12,165.75,166.1,165.23,166.05,448152
2026-03-13,166.05,166.71,165.02,165.3,802076
2026-03-16,165.3,165.7,164.85,164.87,622757
2026-03-17,164.87,166.08,164.8,166.02,264999
2026-03-18,166.02,166.6,165.41,166.13,824305
2026-03-19,166.13,166.47,164.18,164.7,680206
2026-03-20,164.7,166.19,164.09,165.61,784815
2026-03-23,165.61,165.82,164.8,164.95,455752
2026-03-24,164.95,167.15,164.43,166.82,658910
2026-03-25,166.82,168.18,166.8,167.9,598204
2026-03-26,167.9,168.47,167.03,167.45,222431
2026-03-27,167.45,169.05,167.32,168.73,206242
2026-03-30,168.73,168.87,167.76,168.8,416855
2026-03-31,168.8,169.73,168.32,169.65,334417
2026-04-01,169.65,170.23,169.18,170.14,873292
2026-04-02,170.14,170.96,168.81,169.29,954082
2026-04-03,169.29,169.37,168.12,168.65,846633
2026-04-06,168.65,170.66,168.36,169.68,384257
2026-04-07,169.68,170.27,169.05,169.34,557301
2026-04-08,169.34,169.42,167.96,168.94,972035
2026-04-09,168.94,169.93,167.9,167.99,945279
2026-04-10,167.99,168.82,167.58,168.41,171939
2026-04-13,168.41,170.63,168.12,170.47,859848
2026-04-14,170.47,170.65,169.35,169.4,643447
2026-04-15,169.4,169.67,168.99,169.43,923837
2026-04-16,169.43,171.51,169.0,170.84,866164
2026-04-17,170.84,171.22,170.57,170.76,310126
2026-04-20,170.76,171.54,170.5,171.21,203021
2026-04-21,171.21,171.59,170.14,170.15,209920
2026-04-22,170.15,171.74,169.85,170.58,107399
2026-04-23,170.58,170.58,169.53,170.39,395761
2026-04-24,170.39,171.8,169.84,171.38,473221
2026-04-27,171.38,172.83,170.54,172.57,400763
2026-04-28,172.57,175.33,172.3,175.15,615882
2026-04-29,175.15,175.83,174.93,175.73,629010
2026-04-30,175.73,176.51,175.23,176.06,665764
2026-05-01,176.06,176.62,175.42,176.25,379309
2026-05-04,176.25,176.74,175.58,175.9,651250
2026-05-05,175.9,177.01,175.74,176.24,210290
2026-05-06,176.24,176.58,175.01,175.94,841165
2026-05-07,175.94,176.5,175.9,176.11,229188
2026-05-08,176.11,177.65,175.71,177.43,319073
2026-05-11,177.43,177.56,176.4,176.42,543697
2026-05-12,176.42,178.17,176.25,177.56,173631
2026-05-13,177.56,179.08,177.44,178.88,409799
2026-05-14,178.88,178.94,178.45,178.76,168304
2026-05-15,178.76,178.8,176.27,176.64,584103
2026-05-18,176.64,177.43,175.46,176.03,504062
2026-05-19,176.03,177.68,175.92,177.33,769242
2026-05-20,177.33,177.61,176.5,177.31,796343
2026-05-21,177.31,177.87,176.13,176.31,588409
2026-05-22,176.31,176.78,174.76,175.8,301587
2026-05-25,175.8,177.08,175.27,176.64,178784
2026-05-26,176.64,177.27,176.11,177.19,826179
2026-05-27,177.19,177.29,176.44,176.95,683072
2026-05-28,176.95,177.89,176.22,176.58,962552
2026-05-29,176.58,176.82,175.58,176.19,405607
2026-06-01,176.19,176.54,175.21,175.27,774502
2026-06-02,175.27,177.61,174.86,176.89,509142
2026-06-03,176.89,177.1,176.06,176.56,644854
2026-06-04,176.56,178.72,176.55,177.78,805344
2026-06-05,177.78,179.53,177.67,179.3,400706
2026-06-08,179.3,180.31,179.29,180.3,752428
2026-06-09,180.3,180.39,179.57,179.87,331704
2026-06-10,179.87,180.96,179.42,180.27,853158
2026-06-11,180.27,181.34,180.18,180.25,727797
2026-06-12,180.25,181.26,179.34,179.34,624154
2026-06-15,179.34,180.41,179.22,179.67,858019
2026-06-16,179.67,180.0,178.41,178.49,288392
2026-06-17,178.49,179.92,178.18,179.68,296349
2026-06-18,179.68,180.1,178.89,179.21,148068
2026-06-19,179.21,179.78,178.99,179.41,599755
2026-06-22,179.41,179.93,179.11,179.7,850310
2026-06-23,179.7,180.44,179.25,179.44,429572
2026-06-24,179.44,180.92,178.81,180.03,882780
2026-06-25,180.03,180.12,179.24,179.55,581809
2026-06-26,179.55,181.08,178.66,180.42,272905
2026-06-29,180.42,180.99,178.98,179.08,700139
2026-06-30,179.08,179.28,178.86,179.2,733976
2026-07-01,179.2,181.88,178.36,181.14,254195
2026-07-02,181.14,181.81,179.94,180.14,510789
2026-07-03,180.14,181.18,179.28,179.46,933410
2026-07-06,179.46,180.77,179.02,179.98,154672
2026-07-07,179.98,181.39,179.58,180.16,334745
2026-07-08,180.16,180.83,179.96,180.51,366167
2026-07-09,180.51,181.2,179.92,181.0,663506
2026-07-10,181.0,182.27,180.62,181.63,643803
2026-07-13,181.63,182.76,180.69,182.74,919433
2026-07-14,182.74,183.87,182.5,183.15,704008
2026-07-15,183.15,183.26,182.43,182.91,468350
2026-07-16,182.91,184.32,182.4,183.58,100799
2026-07-17,183.58,185.62,182.94,185.48,387555
2026-07-20,185.48,186.63,184.42,185.35,905231
2026-07-21,185.35,186.14,183.77,184.37,489363
2026-07-22,184.37,186.25,184.11,185.48,408697
2026-07-23,185.48,185.97,185.3,185.36,823486
2026-07-24,185.36,186.24,183.17,183.19,109422
2026-07-27,183.19,184.84,182.72,184.04,137743
2026-07-28,184.04,184.66,183.36,183.5,484922
2026-07-29,183.5,183.63,182.73,183.41,680085
2026-07-30,183.41,184.22,183.39,183.74,160261
2026-07-31,183.74,184.78,183.71,183.93,792019
2026-08-03,183.93,185.49,183.49,184.64,928754
2026-08-04,184.64,185.06,183.89,184.21,960075
2026-08-05,184.21,184.76,184.1,184.72,386543
2026-08-06,184.72,184.95,183.82,184.46,223182
2026-08-07,184.46,185.49,183.94,185.2,184106
2026-08-10,185.2,186.13,185.17,185.81,745120
2026-08-11,185.81,186.5,184.6,184.88,835062
2026-08-12,184.88,187.05,184.67,185.96,818693
2026-08-13,185.96,186.63,184.96,185.43,953877
2026-08-14,185.43,186.57,185.21,186.24,641428
2026-08-17,186.24,186.91,185.99,186.6,203565
2026-08-18,186.6,188.9,186.02,188.44,649883
2026-08-19,188.44,189.06,187.8,188.22,370774
2026-08-20,188.22,188.37,187.47,187.87,854108
2026-08-21,187.87,188.06,186.75,187.85,200591
2026-08-24,187.85,188.23,187.41,187.55,537680
2026-08-25,187.55,188.66,186.99,188.35,216481
2026-08-26,188.35,188.65,186.66,186.73,261637
2026-08-27,186.73,187.75,185.5,185.68,232955
2026-08-28,185.68,185.92,183.88,184.61,162999
2026-08-31,184.61,185.61,184.07,185.56,793852
2026-09-01,185.56,187.71,184.76,187.27,205682
2026-09-02,187.27,187.79,186.96,187.17,476570
2026-09-03,187.17,187.7,186.11,187.0,362440
2026-09-04,187.0,187.53,186.49,187.07,720670
2026-09-07,187.07,188.92,186.75,188.23,925754
2026-09-08,188.23,188.39,186.57,187.3,183337
2026-09-09,187.3,188.0,187.06,187.54,384732
2026-09-10,187.54,188.77,187.32,188.51,524861
2026-09-11,188.51,189.39,188.06,189.02,717985
2026-09-14,189.02,189.47,188.98,189.21,955938
2026-09-15,189.21,190.32,188.49,190.21,465208
2026-09-16,190.21,190.69,186.94,187.5,319356
2026-09-17,187.5,188.51,187.43,188.18,243635
2026-09-18,188.18,188.61,186.99,187.53,789050
2026-09-21,187.53,187.61,185.49,185.7,183184
2026-09-22,185.7,186.83,185.39,186.21,408213
2026-09-23,186.21,188.39,185.81,187.58,274981
2026-09-24,187.58,187.99,186.34,187.44,307892
2026-09-25,187.44,188.73,187.06,188.4,251967
2026-09-28,188.4,190.2,187.74,190.01,546771
2026-09-29,190.01,191.73,189.66,191.32,848371
2026-09-30,191.32,193.03,190.55,192.96,909797
2026-10-01,192.96,193.78,192.66,193.71,241554
2026-10-02,193.71,194.0,193.56,193.78,936542
2026-10-05,193.78,193.99,191.92,192.18,139767
2026-10-06,192.18,192.38,191.47,191.93,722603
2026-10-07,191.93,191.96,190.76,191.09,182681
2026-10-08,191.09,193.72,191.03,193.26,114126
2026-10-09,193.26,193.37,192.21,193.09,316651
2026-10-12,193.09,193.7,192.77,193.21,847520
2026-10-13,193.21,194.31,192.96,193.76,939812
2026-10-14,193.76,195.19,193.24,193.8,886198
2026-10-15,193.8,195.59,193.3,195.5,446874
2026-10-16,195.5,195.75,194.59,194.88,767478
2026-10-19,194.88,196.06,194.13,195.07,346553
2026-10-20,195.07,195.17,194.07,194.33,220360
2026-10-21,194.33,194.64,192.3,193.01,794025
2026-10-22,193.01,193.13,191.25,192.4,363894
2026-10-23,192.4,193.01,192.05,192.36,236817
2026-10-26,192.36,192.52,191.59,191.93,455887
2026-10-27,191.93,193.16,190.79,191.24,250853
2026-10-28,191.24,191.32,189.28,189.83,828829
2026-10-29,189.83,190.37,189.66,189.75,606199
2026-10-30,189.75,189.88,187.57,188.24,271840
2026-11-02,188.24,189.37,187.94,189.0,329707
2026-11-03,189.0,189.34,188.94,189.09,727523
2026-11-04,189.09,189.76,187.47,187.63,932345
2026-11-05,187.63,187.63,186.54,187.32,266415
2026-11-06,187.32,188.35,186.46,186.57,394977
2026-11-09,186.57,187.34,186.16,186.89,439855
2026-11-10,186.89,188.89,186.67,188.23,455734
2026-11-11,188.23,188.67,186.2,186.35,769800
2026-11-12,186.35,186.49,186.29,186.47,904253
2026-11-13,186.47,186.65,186.05,186.31,321576
2026-11-16,186.31,187.86,185.34,186.98,956509
2026-11-17,186.98,187.93,186.46,187.19,354084
2026-11-18,187.19,187.66,185.67,186.44,243452
2026-11-19,186.44,187.34,185.95,186.12,760457
2026-11-20,186.12,187.0,184.56,185.32,419753
2026-11-23,185.32,186.65,185.25,186.4,874597
2026-11-24,186.4,186.67,186.29,186.42,678366
2026-11-25,186.42,188.98,186.08,188.32,450129
2026-11-26,188.32,188.61,187.83,188.26,929347
2026-11-27,188.26,188.45,187.16,187.55,242394
2026-11-30,187.55,187.87,184.73,186.04,491342
2026-12-01,186.04,186.1,184.19,184.24,634876
2026-12-02,184.24,184.5,182.4,182.65,402865
2026-12-03,182.65,183.23,182.29,182.92,832790
2026-12-04,182.92,184.12,182.47,183.43,821927
2026-12-07,183.43,183.61,181.7,181.85,120951
2026-12-08,181.85,182.96,181.55,182.74,488348
2026-12-09,182.74,183.36,181.66,182.26,935358
2026-12-10,182.26,182.54,181.77,182.41,304580
2026-12-11,182.41,184.17,182.19,184.02,750101
2026-12-14,184.02,185.49,183.43,184.91,237116
2026-12-15,184.91,185.23,183.75,184.65,645669
2026-12-16,184.65,184.76,183.3,183.76,281593
2026-12-17,183.76,184.04,181.42,181.6,903134
2026-12-18,181.6,182.13,180.84,180.88,259359
2026-12-21,180.88,181.15,180.34,180.67,849980
2026-12-22,180.67,181.71,179.19,179.69,969075
2026-12-23,179.69,179.84,179.22,179.55,694670
2026-12-24,179.55,180.15,179.1,179.63,887001
2026-12-25,179.63,179.86,179.2,179.41,874508
2026-12-28,179.41,179.55,178.38,178.76,305538
2026-12-29,178.76,179.11,178.72,178.93,301466
2026-12-30,178.93,180.08,178.86,179.37,997172
2026-12-31,179.37,180.37,178.12,178.28,937887
2027-01-01,178.28,179.74,177.82,179.69,536282
2027-01-04,179.69,180.28,178.95,179.59,912353
2027-01-05,179.59,180.48,179.13,179.61,317986
2027-01-06,179.61,180.54,178.92,180.32,615518
2027-01-07,180.32,181.2,180.07,180.55,218171
2027-01-08,180.55,182.14,179.66,181.5,557519
2027-01-11,181.5,182.42,181.26,181.79,745687
2027-01-12,181.79,183.52,181.01,181.18,694571
2027-01-13,181.18,182.19,180.39,181.54,916309
2027-01-14,181.54,181.55,179.72,180.4,395625
2027-01-15,180.4,180.66,179.99,180.5,969559
2027-01-18,180.5,181.43,179.76,180.47,442368
2027-01-19,180.47,180.74,179.95,180.26,187695
2027-01-20,180.26,180.68,179.83,180.13,653098
2027-01-21,180.13,180.48,178.1,178.25,697076
2027-01-22,178.25,178.54,177.47,177.7,180738
2027-01-25,177.7,177.82,177.64,177.8,129873
2027-01-26,177.8,178.2,177.52,177.96,108328
2027-01-27,177.96,178.76,176.89,176.93,897700
2027-01-28,176.93,178.45,176.42,178.19,853266
2027-01-29,178.19,179.82,176.73,177.33,816369
2027-02-01,177.33,178.77,177.14,178.3,834459
2027-02-02,178.3,179.09,178.09,178.72,792698
2027-02-03,178.72,179.0,177.06,178.08,152132
2027-02-04,178.08,179.91,177.52,179.85,613277
2027-02-05,179.85,180.46,178.42,178.66,806412
2027-02-08,178.66,180.58,178.01,179.58,838563
2027-02-09,179.58,180.59,179.23,180.58,311284
2027-02-10,180.58,180.87,179.65,179.91,296523
2027-02-11,179.91,181.56,179.87,181.3,762643
2027-02-12,181.3,181.38,180.47,181.05,307627
2027-02-15,181.05,181.57,180.54,181.34,370888
2027-02-16,181.34,181.93,181.32,181.6,481784
2027-02-17,181.6,182.33,181.01,181.47,821243
2027-02-18,181.47,182.99,181.34,182.28,882733
2027-02-19,182.28,183.43,182.24,183.07,194515
2027-02-22,183.07,183.52,180.53,181.32,319601
2027-02-23,181.32,183.55,180.66,182.63,555209
2027-02-24,182.63,182.63,180.06,180.96,970822
2027-02-25,180.96,182.26,179.63,182.0,199372
2027-02-26,182.0,183.47,181.93,183.12,438608
2027-03-01,183.12,183.15,181.18,182.03,896843
2027-03-02,182.03,182.56,181.11,181.62,773131
2027-03-03,181.62,181.72,180.12,180.52,238117
2027-03-04,180.52,181.45,179.79,180.3,388988
2027-03-05,180.3,180.68,179.99,179.99,447692
2027-03-08,179.99,180.98,179.5,180.77,354451
2027-03-09,180.77,182.2,180.21,182.08,387249
2027-03-10,182.08,184.67,181.99,183.48,449379
2027-03-11,183.48,184.02,182.84,182.92,555987
2027-03-12,182.92,183.08,182.35,182.71,988015
2027-03-15,182.71,183.05,180.33,181.02,220787
2027-03-16,181.02,181.44,179.84,180.22,320782
2027-03-17,180.22,181.88,180.02,181.18,225607
2027-03-18,181.18,183.18,180.99,182.8,562590
2027-03-19,182.8,182.81,180.69,181.56,172219
2027-03-22,181.56,181.72,180.17,180.97,794911
2027-03-23,180.97,181.42,180.34,180.94,259950
2027-03-24,180.94,181.65,180.61,181.22,966651
2027-03-25,181.22,181.85,180.25,180.42,719501
2027-03-26,180.42,181.38,180.02,180.84,722673
2027-03-29,180.84,181.21,180.2,180.37,705750
2027-03-30,180.37,180.77,180.03,180.35,579319
2027-03-31,180.35,180.95,180.2,180.9,218998
2027-04-01,180.9,181.45,180.51,180.9,422038
2027-04-02,180.9,181.12,180.4,180.47,161748
2027-04-05,180.47,180.9,179.0,180.36,139759
2027-04-06,180.36,180.83,179.68,180.27,580533
2027-04-07,180.27,180.93,179.26,179.9,815054
2027-04-08,179.9,180.01,178.41,179.64,348827
2027-04-09,179.64,181.71,179.25,181.24,848870
2027-04-12,181.24,181.84,181.21,181.8,536700
2027-04-13,181.8,182.0,181.15,181.5,440641
2027-04-14,181.5,182.21,181.43,182.2,339040
2027-04-15,182.2,182.57,180.98,181.87,445182
2027-04-16,181.87,183.28,181.52,183.04,813628
2027-04-19,183.04,183.56,182.62,183.41,917559
2027-04-20,183.41,183.85,183.01,183.3,394065
2027-04-21,183.3,184.32,183.23,183.75,340678
2027-04-22,183.75,184.32,181.77,182.18,564952
2027-04-23,182.18,183.04,180.99,181.05,234670
2027-04-26,181.05,181.13,179.27,179.86,411869
2027-04-27,179.86,180.31,179.31,180.0,642150
2027-04-28,180.0,181.94,179.99,181.73,191080
2027-04-29,181.73,185.14,181.41,183.97,479028
2027-04-30,183.97,184.97,183.85,184.6,630338
2027-05-03,184.6,185.82,184.46,185.1,424792
2027-05-04,185.1,185.26,183.14,183.3,981037
2027-05-05,183.3,183.34,182.26,182.76,896747
2027-05-06,182.76,183.28,181.71,181.97,680069
2027-05-07,181.97,182.26,180.81,181.35,553638
2027-05-10,181.35,181.87,180.92,181.18,419118
2027-05-11,181.18,181.88,179.93,180.71,628111
2027-05-12,180.71,181.23,177.84,178.73,537261
2027-05-13,178.73,179.49,178.65,179.48,857993
2027-05-14,179.48,180.18,178.17,178.41,476924
2027-05-17,178.41,179.09,177.51,178.65,437864
2027-05-18,178.65,181.13,178.48,180.72,844298
2027-05-19,180.72,180.95,179.69,179.8,228259
2027-05-20,179.8,179.86,176.81,177.27,123259
2027-05-21,177.27,178.06,176.24,176.99,107043
2027-05-24,176.99,178.41,176.55,178.09,309137
2027-05-25,178.09,180.15,177.84,180.05,737547
2027-05-26,180.05,180.3,178.73,178.82,951481
2027-05-27,178.82,179.55,178.38,179.31,971011
2027-05-28,179.31,179.41,178.09,178.85,569054
2027-05-31,178.85,179.03,178.5,178.74,869640
2027-06-01,178.74,182.42,178.66,181.39,903538
2027-06-02,181.39,181.61,179.55,179.88,394743
2027-06-03,179.88,180.26,179.68,180.14,601498
2027-06-04,180.14,181.23,179.29,180.6,679054
2027-06-07,180.6,182.51,180.29,181.69,736694
2027-06-08,181.69,181.83,181.65,181.79,830328
2027-06-09,181.79,182.93,181.38,182.1,579336
2027-06-10,182.1,182.7,181.68,181.7,161032
2027-06-11,181.7,182.39,181.62,181.97,544161
2027-06-14,181.97,182.1,181.45,181.63,892135
2027-06-15,181.63,183.36,181.54,182.25,844700
2027-06-16,182.25,182.85,181.88,181.88,692435
2027-06-17,181.88,182.48,181.64,182.26,109304
2027-06-18,182.26,182.47,181.88,182.23,960405
2027-06-21,182.23,183.91,181.89,183.36,663616
2027-06-22,183.36,183.56,183.29,183.3,973250
2027-06-23,183.3,183.57,181.25,181.53,387374
2027-06-24,181.53,182.94,181.12,182.79,949228
2027-06-25,182.79,183.43,180.76,181.89,200808
2027-06-28,181.89,183.06,180.4,181.23,870340
2027-06-29,181.23,181.31,180.28,180.64,204697
2027-06-30,180.64,182.32,180.35,182.01,790034
2027-07-01,182.01,182.01,179.59,179.88,263041
2027-07-02,179.88,183.43,178.82,183.01,357471
2027-07-05,183.01,184.18,182.59,184.07,955817
2027-07-06,184.07,184.38,183.57,184.29,708530
2027-07-07,184.29,184.3,183.97,184.24,458349
2027-07-08,184.24,185.41,183.99,184.52,959222
2027-07-09,184.52,185.42,184.23,185.05,740539
2027-07-12,185.05,185.72,184.28,185.69,117718
2027-07-13,185.69,186.68,185.48,186.25,994800
2027-07-14,186.25,186.91,186.19,186.34,994995
2027-07-15,186.34,186.46,185.67,186.14,318417
2027-07-16,186.14,187.0,185.59,185.99,209525
2027-07-19,185.99,186.43,185.0,185.79,430080
2027-07-20,185.79,187.86,185.37,186.93,676395
2027-07-21,186.93,188.08,185.76,187.52,138665
2027-07-22,187.52,188.15,184.3,184.58,948352
2027-07-23,184.58,185.25,183.72,185.24,756986
2027-07-26,185.24,185.63,184.82,185.43,264714
2027-07-27,185.43,185.86,185.1,185.41,921307
2027-07-28,185.41,185.81,184.76,185.02,296322
2027-07-29,185.02,187.11,184.89,186.15,310084
2027-07-30,186.15,187.67,185.62,187.09,563723
2027-08-02,187.09,187.59,186.17,186.32,345259
2027-08-03,186.32,187.48,185.76,186.73,603447
2027-08-04,186.73,187.4,185.31,185.76,374444
2027-08-05,185.76,185.94,184.17,184.38,383071
2027-08-06,184.38,185.77,183.23,183.75,847562
2027-08-09,183.75,184.7,183.34,184.61,805314
2027-08-10,184.61,186.37,183.66,185.57,902364
2027-08-11,185.57,186.58,183.8,186.08,680915
2027-08-12,186.08,186.86,185.28,186.8,823704
2027-08-13,186.8,187.44,186.39,187.32,931460
2027-08-16,187.32,187.62,186.35,186.68,372667
2027-08-17,186.68,187.47,186.12,187.11,856120
2027-08-18,187.11,188.7,186.84,187.91,268157
2027-08-19,187.91,188.8,186.89,188.67,965144
2027-08-20,188.67,190.12,187.92,189.85,313396
2027-08-23,189.85,190.75,189.71,190.56,622797
2027-08-24,190.56,191.36,190.52,190.91,368774
2027-08-25,190.91,192.26,190.91,191.98,514399
2027-08-26,191.98,192.33,191.38,191.96,164361
2027-08-27,191.96,192.24,190.58,191.08,804364
2027-08-30,191.08,191.88,189.83,190.91,536841
2027-08-31,190.91,191.12,190.05,190.17,358308
